tech_score,soft_score,sjt_score,personality_score,career
79.32332143602655,61.28891252336621,70.67235460456138,43.150999877353954,Tech Lead/Senior Developer
82.05546511308049,68.8343721396432,70.39250490746863,90.51407304584701,Tech Lead/Senior Developer
72.4621672796425,58.926067872841664,75.5883361327201,92.0271766049417,Tech Lead/Senior Developer
92.06632619180573,65.42450554947679,82.7945434518306,69.37828207910216,Tech Lead/Senior Developer
83.66175286541005,71.149317890524,82.21770297409185,52.49909657012928,Tech Lead/Senior Developer
84.78795625876752,85.97857924610788,90.69244001963662,61.673256694687865,Tech Lead/Senior Developer
91.44243682698702,69.15520425004046,63.72386200315228,33.6455862173263,Tech Lead/Senior Developer
61.751531360413075,90.83406834332033,79.20546340935215,48.43987295326863,Tech Lead/Senior Developer
81.06378130685206,96.36952377268047,88.56173653615063,72.12773005062662,Tech Lead/Senior Developer
81.97750666576002,62.917972026375395,89.53860641130919,73.15953377581327,Tech Lead/Senior Developer
67.51428763828565,69.84206326008415,96.71764191003464,63.89118595025731,Tech Lead/Senior Developer
81.71506042853684,67.72827488316128,68.87420075750454,45.13794004788432,Tech Lead/Senior Developer
82.35200317277533,84.50350024987429,82.40560466381142,71.48144964162312,Tech Lead/Senior Developer
87.53626041797384,70.44671493310616,81.75284819104156,70.17243481816794,Tech Lead/Senior Developer
100.0,70.3464029141514,92.08253874575125,72.84659569232814,Tech Lead/Senior Developer
96.14344579714869,61.42409903867759,91.9155624156545,48.37236406030318,Tech Lead/Senior Developer
93.33872363265976,64.75764028758566,61.109880394797386,63.76868957079035,Tech Lead/Senior Developer
87.7903213579971,62.0896089335266,84.09950835208318,77.03957352458723,Tech Lead/Senior Developer
82.58372963729069,82.03227306534366,97.76129384996237,57.68288331491142,Tech Lead/Senior Developer
100.0,73.5247970672319,84.6622242620384,78.85005572935964,Tech Lead/Senior Developer
93.66822564482898,40.05615674534716,84.61166645086162,61.3507273848079,Tech Lead/Senior Developer
93.2081696428665,79.07667292274805,77.79841011374305,45.15565116602016,Tech Lead/Senior Developer
93.1383724495002,72.89566659318909,70.71576895963771,69.38832018188316,Tech Lead/Senior Developer
64.65325754640304,62.33691251104091,71.26123587474241,64.85464587461377,Tech Lead/Senior Developer
100.0,83.70898002504575,83.80639871361245,64.89981485509159,Tech Lead/Senior Developer
99.40060724809189,67.83632137568003,76.15022578816169,62.86457771470495,Tech Lead/Senior Developer
91.75730466276978,79.81172499485054,90.6584428477629,61.80052548222127,Tech Lead/Senior Developer
84.17098364793026,77.67731533825558,79.43099754315222,78.12744349045832,Tech Lead/Senior Developer
70.28164588351399,93.97112938087506,92.12645519389133,80.25899565214388,Tech Lead/Senior Developer
81.31791919458934,59.44362549954534,85.66856221557839,100.0,Tech Lead/Senior Developer
93.44106251092563,77.78134861483268,82.66587815223448,66.35860302827469,Tech Lead/Senior Developer
91.50300429419818,82.33754272002957,76.1957855423602,66.58807233883182,Tech Lead/Senior Developer
89.25773614510331,55.93276054775327,79.26045176757538,62.997969690299406,Tech Lead/Senior Developer
93.32582918175353,73.91466700168041,78.69726028248476,82.65087141538824,Tech Lead/Senior Developer
70.50126881740906,72.45384720426905,74.44775421539715,92.91039021087045,Tech Lead/Senior Developer
100.0,87.37126432465541,68.07230364401144,78.49781995810334,Tech Lead/Senior Developer
73.49345095362447,95.2035461236218,79.2615213348689,81.26431775121932,Tech Lead/Senior Developer
73.83858046145075,77.21855302558765,87.87394267527864,81.42540018559414,Tech Lead/Senior Developer
88.88375929934743,81.19197443058708,80.82055059418057,85.78247479941437,Tech Lead/Senior Developer
92.12295264563679,84.51624952821223,76.09844178205604,41.84732878376126,Tech Lead/Senior Developer
81.72055343181978,81.33445378410912,68.12658417331204,74.19242928952207,Tech Lead/Senior Developer
68.52430936444799,62.610593467920175,74.87312742535153,71.94768259843089,Tech Lead/Senior Developer
80.06988007162697,100.0,64.94775032440168,82.9797360061035,Tech Lead/Senior Developer
87.86220709977114,78.57351589793925,83.58808470119236,55.10380353292208,Tech Lead/Senior Developer
61.60148926190411,54.34637774280605,77.79426882252187,64.9798676744778,Tech Lead/Senior Developer
77.81110568210194,82.06213625456897,86.52498321524544,56.66092598227389,Tech Lead/Senior Developer
87.8888979610155,95.91928966235751,81.60267497609212,77.33413725037246,Tech Lead/Senior Developer
88.07621712443817,99.86438019336742,93.12619441510924,84.54553104648384,Tech Lead/Senior Developer
99.60403431746846,71.61015596320951,88.10305095885928,85.69361004890463,Tech Lead/Senior Developer
88.0311803760463,90.80058799877287,90.75983929321718,80.82201242228163,Tech Lead/Senior Developer
75.17834580669303,56.44540230145235,97.23800726995718,70.39160165030337,Tech Lead/Senior Developer
95.31590003200076,59.77709500318217,85.23963557974554,84.06375595484279,Tech Lead/Senior Developer
82.10721804907334,73.59457514418985,78.03016238501249,61.87980221677988,Tech Lead/Senior Developer
85.23889016164634,73.21625938546127,88.3405028879689,52.69599903591687,Tech Lead/Senior Developer
95.15844600107766,54.924132962411335,80.8279158532774,87.90601515174721,Tech Lead/Senior Developer
79.20989727834258,95.35926171749473,77.14766526473635,66.94469683335099,Tech Lead/Senior Developer
68.43667720434385,76.14486232020742,94.210434082969,51.11250526310077,Tech Lead/Senior Developer
80.00496212993951,65.10803015475899,82.99624194963462,70.2342630163089,Tech Lead/Senior Developer
100.0,64.19861780404074,79.55338530750669,69.2579870096271,Tech Lead/Senior Developer
77.32281774112963,73.20066778216183,89.08581379841205,71.61360727641618,Tech Lead/Senior Developer
54.4401971335609,79.19589480541958,100.0,66.82571574336964,Tech Lead/Senior Developer
93.3240186995298,82.93452250509371,80.36956535883705,54.32571816709783,Tech Lead/Senior Developer
89.06344024132055,89.57174564223608,75.51930497090925,60.233548293057254,Tech Lead/Senior Developer
69.29170894489182,77.40518642023457,77.87163622669657,80.07558546370855,Tech Lead/Senior Developer
91.5553657638537,72.3697023371783,80.45475919255986,43.82618141345281,Tech Lead/Senior Developer
72.2832532123986,54.38846752119177,89.48963206714019,61.93216178843537,Tech Lead/Senior Developer
86.3488137363748,72.44980552915551,75.29266481600159,47.68639478351648,Tech Lead/Senior Developer
97.94103583614087,42.935783262794125,78.14908909957778,57.613430357030936,Tech Lead/Senior Developer
88.84694996826543,83.00219379100501,86.09161675451551,100.0,Tech Lead/Senior Developer
100.0,74.17141120276722,69.5882134203999,98.21448559916993,Tech Lead/Senior Developer
77.46379818702982,55.6077089971007,88.77847864716348,89.80655548198652,Tech Lead/Senior Developer
100.0,84.05170554550699,73.44564469060262,80.14829998588358,Tech Lead/Senior Developer
77.81142119059353,63.959889791998826,77.81531043131339,59.529610248683056,Tech Lead/Senior Developer
74.1542677459359,66.0595328441455,78.89752727960405,88.11382881400272,Tech Lead/Senior Developer
85.53770213439202,87.03627680067231,90.9848822591041,82.85249385142421,Tech Lead/Senior Developer
98.16420785249005,60.003908514173474,76.27574214055895,58.032638884310664,Tech Lead/Senior Developer
88.45483877633862,69.0935198912329,76.96045274397252,73.0094307811063,Tech Lead/Senior Developer
89.7435633446482,72.47328119111751,78.82221050537382,71.37742191866101,Tech Lead/Senior Developer
92.11049003876593,82.14022848200062,91.91785804687144,76.73458501651402,Tech Lead/Senior Developer
97.86464673863955,80.87183387759315,80.67595737609243,85.02972617027378,Tech Lead/Senior Developer
80.58782494149126,83.76415643496419,91.8079321105132,84.31008569100196,Tech Lead/Senior Developer
91.58890574837119,69.92677870131723,73.9393778222533,81.78295952649128,Tech Lead/Senior Developer
84.4521840661456,89.99453359789365,88.51319141428657,43.66119758774673,Tech Lead/Senior Developer
87.36706247868604,77.66947599948847,79.46860232286289,90.05667080478337,Tech Lead/Senior Developer
86.57849844934215,71.50210121012935,80.42196064154633,62.03693746646532,Tech Lead/Senior Developer
88.20765756387605,66.54060976827563,84.51106148981758,44.88892846366664,Tech Lead/Senior Developer
81.13064490320004,51.619222044486165,82.23917659187786,95.14436011656636,Tech Lead/Senior Developer
78.46126317704824,73.49724396784126,69.59395436856144,78.93931560123947,Tech Lead/Senior Developer
96.37690473433733,66.99020678274591,84.32234442657384,62.5692042096359,Tech Lead/Senior Developer
84.90852196249837,84.50963287319806,75.01111940702089,91.51008303275356,Tech Lead/Senior Developer
98.58214295460454,60.37835191086313,80.17111301952106,61.86765810946838,Tech Lead/Senior Developer
63.4067671752552,77.45634572555244,67.4471110845916,58.11899902233334,Tech Lead/Senior Developer
84.95520084083304,87.97737781277101,75.18326550767733,88.29524276224268,Tech Lead/Senior Developer
77.62252719106777,93.47797813898492,78.8920434759618,63.727766058967,Tech Lead/Senior Developer
85.93231320965023,100.0,71.2940534330987,62.75275144708543,Tech Lead/Senior Developer
73.52261513475152,62.53379527318751,78.18801408584334,68.6526103327419,Tech Lead/Senior Developer
85.68752782635384,65.66019156147252,90.97826273501697,95.33715186265336,Tech Lead/Senior Developer
99.69253326501978,81.64012091005274,86.99705552542063,82.47884191072174,Tech Lead/Senior Developer
92.68249966080694,68.582873991049,73.81318275451783,44.929313461655966,Tech Lead/Senior Developer
84.99791239784079,73.59697877427173,72.02274818857519,59.6151140730311,Tech Lead/Senior Developer
71.689154674916,59.28557076242892,58.32801844120257,58.29282602432969,Software Developer
64.13725926891381,51.72864264840487,64.21805126621673,62.057303093931765,Software Developer
83.52804444792503,41.77238459912874,70.14283907456746,63.619966870961036,Software Developer
84.12181608025281,47.240802229847375,68.4347511989938,71.17025491781112,Software Developer
68.33984322365855,72.09651324764766,68.29247781800127,43.9926924684998,Software Developer
86.10539806096796,62.11886130033641,77.37105844116942,47.5996370594481,Software Developer
95.4251050779964,69.87352459323381,63.05319500262968,100.0,Software Developer
67.2093057688558,60.12067357805506,87.37116899328277,11.959395143550196,Software Developer
82.97499731261475,44.132008286450116,59.801556528419276,66.7184261366348,Software Developer
65.15366082455097,70.11290247585443,79.57875468369835,43.73520734634296,Software Developer
75.2519933426695,44.92217123546819,78.69683924313708,43.72529419243263,Software Developer
84.32450083427412,61.13340768072781,74.24697537499048,54.2565776871987,Software Developer
87.86778653363532,66.23095299260468,61.20053189094499,64.57465593905988,Software Developer
60.125932030811285,95.97093368119414,64.61876251565836,84.11700122653124,Software Developer
81.07196545056486,65.22004150882996,67.34758194943184,64.63894737051379,Software Developer
74.106683760609,75.32835703718757,65.58913463649307,43.619595168092744,Software Developer
89.19177353354759,57.0406516256209,68.00837996487863,22.16244367757195,Software Developer
78.58264820280638,53.93012126051881,68.08476612118423,65.72364083797274,Software Developer
81.25717659972796,55.70516435269886,57.57291355036266,50.9296024748353,Software Developer
87.85008058445985,39.48105996283287,67.18105816670432,56.57005013948207,Software Developer
80.8744048448459,32.55232954471668,45.173459431097825,56.82291358294799,Software Developer
59.34918517063201,87.26388106734922,59.42532984607366,84.57999978898411,Software Developer
86.16717164812063,64.45067022393036,56.72423629537103,33.19030294517998,Software Developer
72.43307304558382,68.52745412278621,70.55188220941119,48.93805008642465,Software Developer
76.64881324746298,54.51633501251993,59.13207301140636,69.89183811197985,Software Developer
84.48798880823732,48.18922959480348,75.97225994789956,85.6103415447273,Software Developer
86.60199332955624,57.1268059674573,61.42162939773412,58.26508381106426,Software Developer
60.49189796943628,59.2725670749835,51.64686695574831,100.0,Software Developer
80.41152948378016,86.63592445446572,42.833413975749174,81.05347580098959,Software Developer
86.34193194722494,52.73161161687158,60.754254923465,39.051212182854215,Software Developer
62.46607606723906,47.68725548244767,73.66251701103818,66.29721109123031,Software Developer
80.77317065505986,70.76025021792516,60.681313643384264,76.58146567748875,Software Developer
63.51128714964808,51.814787918423946,54.199768944054945,64.75884661699735,Software Developer
57.58282487524506,45.79208154840383,46.70998250325198,46.96841242548342,Software Developer
56.5337265636212,34.88406075808768,73.1535476981009,67.18472117397197,Software Developer
77.97459330913611,63.00081809684736,67.62053856665362,86.44059673558317,Software Developer
59.36845679297738,45.98727133613983,63.46234887835827,98.04852618344674,Software Developer
81.64935907721801,80.5878394922926,77.85232415677505,46.960322946868146,Software Developer
88.80554339809859,52.610803601721976,24.176528750036667,60.5192360241447,Software Developer
68.94116440614408,51.55885593107061,41.98165798060613,50.56645250516461,Software Developer
93.66575903520453,57.48075589744736,63.41437920915718,68.5377143130974,Software Developer
72.20397224522009,72.3062087739837,62.91566046710976,71.67660788571962,Software Developer
86.67543838360014,65.73436591168841,49.984481859069454,71.83246457854545,Software Developer
98.82625318285965,50.88239900671583,71.45333994577199,57.67985412380036,Software Developer
88.78695475307181,83.9691805939702,53.065763822256166,51.806345595500964,Software Developer
56.50082657545142,75.44749965744323,69.3157375021006,41.03966377575092,Software Developer
70.03252004822825,80.49636420158143,72.3124301171214,49.2655295019896,Software Developer
62.545711021523864,54.27208736534356,90.32030500169212,100.0,Software Developer
71.53556106271172,71.09061871592445,70.04525933924832,46.918028062314946,Software Developer
69.68773940377817,51.83317733062442,75.06526466183466,47.2619132670141,Software Developer
81.25483540663491,68.89975709367141,50.10743072617656,62.069266219371706,Software Developer
65.019189551088,67.12189033655875,66.8084912563778,33.6753881208472,Software Developer
86.74329699934201,38.809944881069256,59.750420156817604,90.6032029184869,Software Developer
100.0,52.46665620961647,55.42379695996652,79.72726223590803,Software Developer
69.1303774533576,50.15848883233159,69.79263172844281,46.8877981846137,Software Developer
88.81632510262622,59.97439699113459,58.48400985662611,85.0137574640649,Software Developer
73.68528890208789,34.57276135509355,75.79073479927725,79.72447714317906,Software Developer
87.84719021628074,66.5472485006491,56.48299221065973,64.36506014403338,Software Developer
70.56133037721766,56.45563549654669,93.9976823675257,72.83846919651707,Software Developer
96.54833327392957,75.52368554567964,77.96586593648837,56.5905050777497,Software Developer
86.77513375668637,77.91506973758156,54.512538800650816,59.597735733397855,Software Developer
75.88395253613344,83.62385968145418,44.49422306095924,61.93163517562893,Software Developer
72.2891454269561,74.12863546622134,56.428158683079666,60.360627446827465,Software Developer
85.43543677336203,25.785777425867224,58.08418072377475,48.67966628939324,Software Developer
92.75573064126533,42.3823756045331,58.90762396146762,90.62671547489431,Software Developer
58.56207434682425,48.775125174531865,55.1599755009567,62.59481003586441,Software Developer
84.59310335829336,58.400616039307906,61.670700779267314,36.97961933256992,Software Developer
59.86112745053903,60.823470612417445,63.099367013641555,61.3794152333288,Software Developer
77.83977451148456,54.67078874018468,73.24077645531457,67.14210999637646,Software Developer
92.90314106755196,70.73974217856127,78.48084752759637,56.82562856669242,Software Developer
95.06027238648285,58.57490081892075,63.04176623043596,96.58629286221324,Software Developer
89.26001067008312,50.73561248688349,52.461335824442344,59.6170933582706,Software Developer
67.3899336230273,51.30034244289818,50.82004974940011,61.94494401163631,Software Developer
79.23304907320042,53.3327181572304,55.34266806092219,63.94092796558316,Software Developer
96.67261298689354,60.213132447132466,44.48286173454551,43.592520774872966,Software Developer
81.96091593237163,63.01966207740689,76.18469602086776,20.18802791549399,Software Developer
75.8513243465337,84.13996023265601,54.51978415082327,26.06474446005644,Software Developer
76.2856751555361,55.570280344848136,44.67050325104904,63.879786620463136,Software Developer
58.05879784122486,67.11856460401069,60.73975299707599,46.681294929993754,Software Developer
87.99835267564899,57.671549122163874,65.87714155675165,46.39280188276277,Software Developer
73.69125297806903,48.50880169409078,80.2638957430997,59.43965291703713,Software Developer
84.11516926726296,59.034478902314156,59.20195289763241,29.579611736657306,Software Developer
84.07755317167079,62.31006752608179,72.7262545081732,50.55927711584249,Software Developer
80.39255156376633,70.34744512421918,63.24874260495871,48.09721197730465,Software Developer
78.04490066748565,56.842643030346466,68.13107247492678,79.79272315623665,Software Developer
88.56360369372041,71.17383461297369,57.256708278301446,67.67996941654413,Software Developer
100.0,51.19479682884636,59.20349753751522,57.90066701590714,Software Developer
64.19961238215105,74.7287429870675,45.790367676768106,58.632269361685594,Software Developer
86.75761129538166,38.18501990842843,46.44413218203658,54.888541336906485,Software Developer
80.23860747053934,58.714324007933755,52.01198488147455,55.62495863055617,Software Developer
62.58344696499382,57.44405921094588,75.38520370616372,60.956871479635495,Software Developer
74.45595602004045,67.92241520191764,72.7263293286276,73.00565428116026,Software Developer
76.46327498660531,79.86683787663128,60.51095025529631,51.85579785509832,Software Developer
81.3749026440428,84.91228657815392,96.78569811863707,46.8654529319612,Software Developer
81.81380961812064,60.68639197461008,68.3501512650503,88.67370659964945,Software Developer
63.47881678412335,69.50862774774397,73.24478683113041,46.900567614122586,Software Developer
84.07619185288895,47.25216005022759,62.48495114769898,32.52776064111257,Software Developer
88.37002130089637,78.98546077942885,77.46541864851532,51.085974987561215,Software Developer
71.02991429878666,91.79763447937015,62.884876540814986,86.02966950528744,Software Developer
59.30182269814485,35.1773688806464,48.427076276882055,53.07905186125457,Software Developer
85.85837963129515,80.03075752616697,64.4469187338334,96.44555769013809,Project Manager
57.70349540457936,100.0,87.58532119158636,65.88892181764277,Project Manager
59.74511634279961,72.44527827142163,99.60522863221715,88.15332265781123,Project Manager
68.27875342602258,76.26124519132091,70.64573412639893,76.29150559878452,Project Manager
41.55790850254219,82.1077582531414,81.55523581372515,78.88441655078725,Project Manager
41.57774497486831,93.86914596291228,94.90871876576074,65.47087146602603,Project Manager
32.68153511195267,99.7476042396586,86.30742082012965,93.36164887839233,Project Manager
81.03994445463879,82.60225920218315,100.0,84.92647096810651,Project Manager
83.70136098051964,80.81687674231748,100.0,91.15442401271616,Project Manager
47.51569414962235,81.77812025533731,72.19135700849439,65.14254745187392,Project Manager
41.92891822598189,66.19495732813867,66.02574193495195,61.96620150104695,Project Manager
57.14617527698199,94.89485869242314,76.52946866471291,79.63081934788299,Project Manager
86.44956197839998,75.63439328407321,76.99939011326012,64.64716662005588,Project Manager
71.18342109006528,88.99627774155576,82.27512514693059,74.54106648379661,Project Manager
65.80825614933653,94.69561866640026,94.7960991273225,63.60318426716297,Project Manager
75.90429584768093,93.02495620596471,82.11985615461104,55.418982924385425,Project Manager
54.24434050128697,85.2731748265818,87.1567089869358,88.08660375324887,Project Manager
60.081697490452065,87.15725971316274,69.84585491345227,92.67819131454719,Project Manager
62.48503056312286,72.7076249621152,100.0,95.83639756322775,Project Manager
41.45315058372929,94.95491441892835,83.438505199805,80.23562518061918,Project Manager
59.359252542771955,89.08389825276717,83.9438851090777,74.10804000777554,Project Manager
58.747809947014474,68.71495634200454,89.16680147339183,90.83227224871402,Project Manager
52.1018124906525,82.4665044691426,79.70571213825453,96.09299262961511,Project Manager
76.96017639377578,93.06035612584122,100.0,69.41818521970825,Project Manager
60.48660167698497,77.60450737897658,100.0,83.79590074306216,Project Manager
57.52705160966915,83.69494146310515,76.99491886169358,69.28756647400712,Project Manager
71.78844251324088,81.71699157076014,79.90135683778266,100.0,Project Manager
61.95098821804329,99.89248821218133,83.4404527940018,100.0,Project Manager
67.9805994836591,85.2367294551777,72.09638128692698,88.10366698347566,Project Manager
79.85465338244882,79.6657431380111,84.33976789741338,85.30261845078633,Project Manager
55.81732117224816,81.37398892410266,94.75887568573722,76.0549838949187,Project Manager
66.40170561527714,83.26784651087391,74.15618961554091,77.75372126247765,Project Manager
80.26962971388667,73.92325158829122,73.38043382335185,87.87062342806541,Project Manager
61.25325412853784,77.6474317127486,100.0,80.05249288835743,Project Manager
33.38612788384209,82.03106469019346,78.41691470840009,78.62142500988823,Project Manager
61.31311471148584,69.03243314243771,88.4191312646298,79.53653541251543,Project Manager
46.78035307419398,90.44203047261315,69.09351605836311,61.405766729985366,Project Manager
65.00631345673382,80.59450320520406,74.16806794205843,84.16036506485563,Project Manager
67.32847867300936,92.38311912959723,78.20453704781383,63.90834854142637,Project Manager
16.455949860711478,70.89202987869352,72.56627976181383,85.83438691658527,Project Manager
47.357732889884815,81.5340019872609,78.44744393345213,95.29315528290428,Project Manager
34.13190895567357,82.06939888039733,94.15729818122637,74.2686871233401,Project Manager
73.43867025605853,90.81846216028859,87.21114345003048,86.74112120364087,Project Manager
60.81217731347246,97.01786743603283,73.10168504775513,74.48083467228867,Project Manager
62.67997618698874,79.4039353061679,81.8617048509662,54.964326812525755,Project Manager
59.54569685119692,75.72877406915775,73.16093915530952,77.6701183607969,Project Manager
45.78877685573291,74.65480091286658,78.01511054029666,84.6179298106348,Project Manager
57.04199949698522,87.77026248370973,86.50792467559842,75.05986805800525,Project Manager
47.265268169405,96.65310228436677,77.75220834970497,64.48690153871513,Project Manager
79.59701990273939,87.56525322879367,92.86918685544151,62.66728273304976,Project Manager
44.837130374707534,91.82730775010094,99.074787749539,67.64697824745741,Project Manager
72.16286803522522,80.3673153929835,80.46655295626083,70.39141363928441,Project Manager
41.49220727271512,84.65767725598212,76.72123415896074,93.77074645148012,Project Manager
66.28576560348716,88.3299674330089,70.9161601045434,69.87646599150015,Project Manager
59.491459252807715,87.46084092984076,78.43946211177534,80.22542276892187,Project Manager
57.44492506134193,87.68069935285736,80.4309111851228,87.53512918317124,Project Manager
68.21769933961603,100.0,88.81390837211435,71.70586497102428,Project Manager
65.30771182338096,94.03056812658781,86.1137806676621,78.22882552091235,Project Manager
80.04414640601048,81.94562081156143,77.65001860674674,76.52148999849123,Project Manager
42.23663003280703,95.07310534452584,85.79528115902008,90.58496264680483,Project Manager
56.08514139343135,90.06465632696279,92.97276815418438,71.7110901680537,Project Manager
36.643998738470586,92.59509387761449,83.21510733109562,85.19061634155355,Project Manager
81.60629876637023,87.58458879249955,76.16623322536759,72.31150122535843,Project Manager
72.70761298186257,93.95289584123987,89.42297707355124,78.99996587356608,Project Manager
42.76744960739667,75.64168329364442,78.71160503478819,73.22517175976948,Project Manager
94.64293610156437,93.16922666477326,95.56579826403107,63.88908441150912,Project Manager
89.46736228495743,84.37857715327422,89.56540948726773,50.851351723206335,Project Manager
60.7643735272306,83.12887288174467,64.24290114084693,79.83396147280978,Project Manager
56.701072094048165,81.52863968214801,88.2917826100878,100.0,Project Manager
75.1140770030429,81.08479170004324,100.0,75.3316230475761,Project Manager
92.483682061537,98.60674504052628,96.36174677203653,84.00161431816214,Project Manager
100.0,79.81140878770623,87.09692090188206,77.6907099724437,Project Manager
47.841123694809625,85.11035147492564,78.54877590479234,76.03742903372328,Project Manager
51.7339452760184,76.05506759091553,93.27200778498523,100.0,Project Manager
53.42230510387858,76.24969862865365,90.05593185308453,75.91238071667868,Project Manager
58.23169711701358,94.28457268099314,99.71925294364047,88.49092132678139,Project Manager
59.542075653298085,76.98610928942446,92.36459953405947,69.39177838271338,Project Manager
27.85095043463508,67.26210227469915,100.0,53.85064986659768,Project Manager
75.38047452612533,90.3862554785177,95.60815157781695,89.10234491892459,Project Manager
62.6508493332096,81.73525626051307,86.63356881698836,71.62448545769884,Project Manager
31.894277157603423,93.3365722789151,66.6922878220096,83.50244168115566,Project Manager
35.345217266488575,75.51178332632408,92.7974900254189,63.6820960470742,Project Manager
68.90268044964515,93.61639429562642,88.76662826444087,85.19295342458919,Project Manager
69.3691050026639,89.27628862044699,80.8797302418649,77.83632693994397,Project Manager
54.158470841426926,82.40173674979766,85.48432117958247,95.61800241916714,Project Manager
81.11655101596092,77.05343230745586,80.25936909104328,83.91763097742438,Project Manager
63.72582704412105,99.72876206083144,87.45035556411491,79.92092581688158,Project Manager
45.5122034371516,68.37081080754797,93.9242911277763,74.93712945519908,Project Manager
45.398773340441664,84.82935830699431,69.65652916897868,99.84189473532717,Project Manager
46.33756466774686,79.30909082963684,84.41299862858031,85.52604841583454,Project Manager
65.18645729711827,97.9617135425915,88.85427435298591,100.0,Project Manager
47.08850702202201,77.26118347865977,94.3214114674812,85.1255587432448,Project Manager
68.35138341345996,85.23876640000947,80.84098306742284,92.1998755832518,Project Manager
57.22108776648546,68.40270975411906,62.34155626937,86.62131429785335,Project Manager
30.370846413764653,84.97265430382247,83.85725596263731,75.52439414583867,Project Manager
31.267463304642195,94.2331759303503,82.55908776239859,51.76421710085879,Project Manager
83.37016916500932,86.23100610414954,79.01989158602076,93.0553475867172,Project Manager
61.61481291267195,76.88318390543918,89.51874412903118,86.78471174011997,Project Manager
73.20001995286522,92.46963314046162,74.71338626591444,96.92016605659458,Project Manager
65.32719346228302,88.90209376079925,95.91423466489769,59.83678781934643,Project Manager
95.15376623068514,41.53604321610293,77.19600909297354,84.47467135154925,Technical Specialist
98.01629939368652,34.33024415733893,74.05777479823156,58.24058621433822,Technical Specialist
90.8246057966193,55.3318733699143,74.06236204882916,49.22274767656366,Technical Specialist
90.68390986686163,58.71367940514346,72.20876061417724,47.52133772488836,Technical Specialist
97.13473674769054,48.03385265964691,76.27083147644167,67.64167835808622,Technical Specialist
96.8304478729393,58.93578757273801,69.67231181419363,48.755243353219385,Technical Specialist
93.89578991404663,54.28081369203888,88.06117516908063,91.64374434465788,Technical Specialist
89.65787220765439,52.82973373735606,48.36786815895812,81.52237765375322,Technical Specialist
94.00962470350521,41.469499236503445,67.80205263863216,66.68840291048643,Technical Specialist
91.72268458214668,66.88891206473674,55.6195686242729,56.98202572224783,Technical Specialist
100.0,58.8145483570239,76.00742685673771,76.94277001152038,Technical Specialist
90.27855582734122,78.53305784355936,61.42220351698502,35.98153830110198,Technical Specialist
97.0534030963775,56.05849193851091,59.45226311915133,99.51203760744197,Technical Specialist
96.86622252377391,66.29075726096134,64.84451491524513,52.300546820093174,Technical Specialist
91.54529809048584,29.829801468344886,85.75998661025795,76.1556191974395,Technical Specialist
91.66661958799514,32.378670197643345,75.61515120276188,64.76653372855384,Technical Specialist
98.32324248832988,67.97347899010926,88.92180096854085,76.72137460235152,Technical Specialist
89.899455482689,63.51911210042282,81.01497847253873,46.21945038424618,Technical Specialist
100.0,90.58202643276417,51.710578939845504,58.152274052627774,Technical Specialist
100.0,45.60802466941287,69.60336047371054,56.15872583918253,Technical Specialist
100.0,47.03578125462507,65.68150755517647,66.17383639903241,Technical Specialist
97.99322424580716,43.918928590385384,78.40230863271745,51.369352569733906,Technical Specialist
96.04190386562591,48.82774883742472,78.12330012979064,47.76206558248218,Technical Specialist
88.42101529871259,61.370088277704184,72.9402719887822,84.07811427656651,Technical Specialist
89.80398239632382,57.67780008858335,91.37740764538249,50.47276127659754,Technical Specialist
95.52580218941773,85.83458613347591,74.1545166240607,48.52819113006116,Technical Specialist
98.93227686260155,50.67587619695529,80.0586029625261,77.44642263143002,Technical Specialist
100.0,14.89636297699348,57.33174909683683,73.5168911943671,Technical Specialist
100.0,62.38989738078875,55.6959035895631,37.403409828703275,Technical Specialist
93.7205058295551,65.14841336083818,80.65863596517694,60.62979267510725,Technical Specialist
88.99350058326242,49.45798128870251,61.455614813130296,60.90635238884166,Technical Specialist
89.16562527681029,55.79697426013457,57.43264619453173,60.92624227357315,Technical Specialist
100.0,52.256677641648686,84.61724702310298,77.8893338699596,Technical Specialist
95.86406698832997,54.382553361002955,49.40089923635884,49.10316100577008,Technical Specialist
100.0,30.384513513236026,82.55292094325677,19.157017234115443,Technical Specialist
88.27157635922917,33.23787660196095,80.11957063496791,45.601548142245946,Technical Specialist
93.80479234818264,66.78317756220287,66.38128548821643,26.090950230216094,Technical Specialist
96.9641222775662,61.45040691124901,48.64645269426413,48.110985581667265,Technical Specialist
89.92462329972108,72.65740783502783,63.80307427173612,20.21940558046669,Technical Specialist
95.00792155654858,74.13009824799224,85.3247021271883,55.92103111004503,Technical Specialist
100.0,48.86552458820727,80.8360269869046,66.58366951093906,Technical Specialist
100.0,45.057498379446514,58.97476671742413,85.26029685703065,Technical Specialist
88.75119787310837,42.32003792103812,61.175277851481496,52.567569048905995,Technical Specialist
85.09480992642793,65.10876626461717,55.39192336770606,60.367814684991096,Technical Specialist
100.0,69.3425737260068,65.68700381361215,58.666852827423185,Technical Specialist
89.73859916267318,75.39929119430151,80.12314962176796,83.82123403548744,Technical Specialist
93.61200813518865,62.47137788612562,78.34028059710869,57.14478664052126,Technical Specialist
93.72132235302011,31.75646566384318,64.7296353079691,70.96008017898926,Technical Specialist
98.7458809830047,27.38069988509772,70.655212609057,56.13544639889245,Technical Specialist
100.0,46.351376176513135,55.21319187446811,75.1143527647612,Technical Specialist
93.40777749718151,38.8688397097199,59.311600432259425,66.02489904986517,Technical Specialist
97.61471605818431,47.16973199578134,72.89272792652427,69.4717939227002,Technical Specialist
91.34754598631193,78.83811379890028,49.68385186217953,83.98035211099186,Technical Specialist
99.72676520182085,43.08107619770868,69.6504137671911,77.12086168054367,Technical Specialist
95.30596569463941,60.492342085301544,88.70536332356981,59.061531138664826,Technical Specialist
90.95180541583551,26.529702926565967,62.244648299395166,100.0,Technical Specialist
89.52314680165975,60.436973795545235,63.3704282332374,98.56629521933552,Technical Specialist
100.0,69.98135672445646,74.10682581257919,37.13250014680482,Technical Specialist
94.20577841320386,42.58891521321895,52.73940647790966,76.28684652514991,Technical Specialist
100.0,78.7475918468129,76.1901497652156,36.258997907731555,Technical Specialist
89.57702253242084,55.618693359419474,79.65213265445718,21.872365965198263,Technical Specialist
89.8368977389696,53.02988716546455,67.21336707884504,89.60881648149785,Technical Specialist
94.40714742054587,23.800554800412456,91.59745007466377,71.26842282118079,Technical Specialist
91.15004054113935,76.27988925270562,66.4741541659734,98.08174422150765,Technical Specialist
88.88563036750826,54.859605054255155,56.79592867596331,57.05621644854619,Technical Specialist
94.25218906064774,58.76577721576487,61.83807272069536,81.3206441090023,Technical Specialist
100.0,53.996643759005956,66.88191173964145,76.02065823264397,Technical Specialist
86.63047707373002,45.10560407190782,79.19287332054026,44.60985060524832,Technical Specialist
97.65148913656043,61.144591872137795,65.08591238272683,77.28796600004311,Technical Specialist
94.60311263357181,37.920178638596184,53.78703365371379,84.30059117725264,Technical Specialist
100.0,47.304473111424734,59.38325173536596,45.460644793467466,Technical Specialist
95.23517296658255,39.68638658097659,43.62230641084681,55.3670927721635,Technical Specialist
93.89783405832246,63.56462562701094,85.5202509752581,63.16841175928376,Technical Specialist
95.53786275290584,42.91662692490307,48.62955690370724,86.27809698072566,Technical Specialist
88.50329456741531,71.80959788381101,86.08298365016151,46.37947486246274,Technical Specialist
100.0,49.127810799358556,68.11214468485369,51.936788515712195,Technical Specialist
95.31923646639879,54.39990164886028,84.34434574260473,48.84851935631925,Technical Specialist
100.0,50.35077456448446,57.53244670188365,72.26091874543951,Technical Specialist
95.84266853849047,58.52796674882453,60.8853117017448,42.3444523136951,Technical Specialist
96.51258124968498,56.73314289353826,77.67026985067706,40.919955297578554,Technical Specialist
100.0,73.78629349762952,78.37020601900144,84.896110654603,Technical Specialist
83.27584581685016,35.95748444871333,84.33488031587922,53.717214460110135,Technical Specialist
87.39117068193362,50.73401148116474,58.89958030521491,58.29082088295605,Technical Specialist
90.15396452432982,70.82069896663116,72.96595263494925,35.23540329036922,Technical Specialist
97.4067830471797,70.84089479019386,83.67643422933716,57.574851179049915,Technical Specialist
94.47612207016557,81.3449786017831,86.67717524500046,84.4261161760771,Technical Specialist
100.0,60.325018178173345,78.175372108597,52.70815920540005,Technical Specialist
91.67198690762531,46.18079378178587,86.33175448469598,56.61962533556605,Technical Specialist
81.64084820782891,82.9932258680016,60.326470188032,67.56678090059624,Technical Specialist
93.37072965782076,67.73731787733163,74.08725713694106,54.02502834355807,Technical Specialist
100.0,49.20485981884575,80.36062120505903,79.40717465841601,Technical Specialist
87.05488256174951,49.77650378527648,74.75652446457542,65.38312458277372,Technical Specialist
97.43818501479107,53.00285453584903,70.39677858755377,44.58130038849844,Technical Specialist
98.74468005019783,38.31600775986482,71.74212441182641,66.71122603013274,Technical Specialist
94.20576158786466,29.8727055989133,61.11457021973941,66.81064812289056,Technical Specialist
95.75065896167715,70.39755819457973,87.46674152845978,69.11625291807499,Technical Specialist
94.9579688420248,64.27738129009724,53.03022122541732,13.418929264682468,Technical Specialist
100.0,37.14153800405984,69.04796350950005,72.65319814726944,Technical Specialist
100.0,62.22277831665319,89.52437946481034,68.23910762568768,Technical Specialist
96.04807417159307,62.43724774250046,86.62082446266162,63.55328917434243,Technical Specialist
74.01339458515318,65.63982202809852,84.06482328774061,77.26670435853276,Business Analyst
82.82722975932265,66.85487707616652,78.95083739845786,85.76361723742046,Business Analyst
79.15144254794842,65.35475257697755,87.45069184486684,89.37869743333809,Business Analyst
80.94634671133097,70.99375831847279,78.67298687663238,69.86169954305183,Business Analyst
74.61808242755488,67.29854481746953,83.29438910545929,49.303175087779245,Business Analyst
55.818377054441946,76.85429499277276,84.42259768999679,47.29936574933122,Business Analyst
63.12639892715656,89.81810966885753,64.18941741647966,68.56121310982608,Business Analyst
68.57111540753849,63.947718355339525,90.50832815136341,54.69475546199731,Business Analyst
60.272334578616274,79.7476668942922,85.25808452812171,40.53480667807552,Business Analyst
86.5565600449412,58.33701483485845,78.63130709961108,59.69002863556316,Business Analyst
58.23422783161563,89.13889844693205,83.18106292476382,78.70177005957524,Business Analyst
80.28617072426914,72.93200512313331,87.349553540113,66.074858965068,Business Analyst
63.99224831276577,83.36554160588558,66.91618429773368,64.97160979041438,Business Analyst
79.65730333757992,80.27250394042646,79.93866937534237,84.93580832566481,Business Analyst
82.3242238127202,76.06042945052097,70.35778476603906,89.88057886286956,Business Analyst
75.55262925887007,72.74748458080276,83.29819026912624,72.27209733706195,Business Analyst
82.23796994040978,83.35987222496955,83.7432941946444,95.22103099193075,Business Analyst
67.48671090034685,71.77386599454836,78.51996585381379,60.69049112580079,Business Analyst
57.16861242542625,74.93743216694385,76.36269451113432,86.4803600859126,Business Analyst
66.64113063883678,75.09338516557001,60.46354472613373,62.57613087498777,Business Analyst
68.69127186919492,80.71594135264131,79.03342248334289,76.36413439356903,Business Analyst
51.71847750828385,83.5682678869467,68.20678825785032,75.58952610149277,Business Analyst
70.15156154069547,63.76859579354476,86.53574183435845,100.0,Business Analyst
62.68862893091559,78.23153385077673,73.80428516882792,83.61047600973791,Business Analyst
79.97416672212631,71.58697130190454,72.66990501139414,75.18991926962471,Business Analyst
51.130981018514,72.2702800918896,79.89041452622062,71.07958086168556,Business Analyst
62.46699843893478,68.66510364647367,97.08921903373346,48.99161371779315,Business Analyst
86.27947311282915,83.60438042014495,78.71903582679117,76.69663859139628,Business Analyst
77.6307662762632,91.91139767416401,68.27640543412666,76.56034345925143,Business Analyst
61.86777944891689,76.28467028944773,67.38671986999265,59.92515527261182,Business Analyst
62.48676536060712,91.93212363047317,68.80161867966287,65.4580901320661,Business Analyst
72.15559332702955,58.97512769320257,90.69565367599594,32.777334617002,Business Analyst
89.48505642847034,83.58225641454855,75.89629760492276,75.20880404393944,Business Analyst
74.53939028475726,87.06034820697715,72.63586419865585,66.66085445293282,Business Analyst
67.5934673220815,71.08021339831528,87.48654589379125,72.53918385554084,Business Analyst
70.49375514303128,55.996963769524214,78.66465148046935,47.97595769346679,Business Analyst
83.28312832776346,100.0,87.33770087948324,67.71166552584401,Business Analyst
52.05738466279617,62.57704683969145,72.93793516385058,57.30453918390805,Business Analyst
81.61100815821412,85.40221169303727,68.54706957318302,99.61888429974532,Business Analyst
77.69110318829172,73.05396809087702,80.8881313246349,59.619292603306484,Business Analyst
59.5472700647194,84.07686749019024,74.63800870900124,71.4195614079507,Business Analyst
90.99590086109242,87.11045261016702,100.0,63.66997292218352,Business Analyst
73.10099852100123,84.86732324783844,83.9038742228214,94.99302332900774,Business Analyst
66.58148497372497,71.57319091865546,84.54562081060539,70.37032451802723,Business Analyst
48.435743570178545,72.31024524076675,75.65898488201975,72.63924702887192,Business Analyst
67.81696960265869,73.31649744009621,77.37542721830523,100.0,Business Analyst
36.837844972736924,75.16545926346205,81.48296660772618,58.70570546751678,Business Analyst
72.83429602419497,74.96560962892495,74.88858339757842,43.82087606679311,Business Analyst
69.42579473226233,80.81058543786948,74.06636491254936,91.49835482387489,Business Analyst
82.02247487758427,69.42478166176898,72.33830632267245,65.2908123988619,Business Analyst
83.89336795707833,87.49825912022015,70.84006827330307,43.94301285646273,Business Analyst
74.40711643536791,90.28717706109447,91.75730445335054,62.889437478287306,Business Analyst
78.68330170934387,65.05123363373629,96.05984457804749,90.49577949031311,Business Analyst
64.99451797793134,84.88188371335025,93.41200728138375,59.99137298441743,Business Analyst
63.589984100875604,87.95870322614866,66.09424554096583,62.54261696883293,Business Analyst
63.686251133205005,72.90760537664632,73.80141644062432,55.37871314813804,Business Analyst
82.12334624977979,78.00253908520601,67.12120038821959,85.38662316787834,Business Analyst
53.85096180806925,78.53212038229681,79.35641929556853,78.33003572720571,Business Analyst
53.9037683915072,64.00488569662399,77.26974768556707,70.61976462236542,Business Analyst
53.7189925689567,68.9889301400361,69.08372761229407,60.95415497423011,Business Analyst
67.9013307733744,69.44153651626507,88.58122333401279,85.2806799915231,Business Analyst
59.82441690672891,74.75847539009776,74.87700823953149,52.92114406205788,Business Analyst
72.26299872374769,77.78706541646469,81.43886399001579,64.02544438092914,Business Analyst
60.10988163127607,61.2998273291146,79.56189938399172,94.46336344290052,Business Analyst
89.51679428776805,79.01283783741506,100.0,62.874974732144565,Business Analyst
86.01906498695537,89.90572980721097,93.86502927723788,38.1465283406104,Business Analyst
73.46772425962119,69.98920196238542,92.29202405930641,49.97912665562745,Business Analyst
70.56439943038406,84.93223059628295,97.7292721778806,56.89838673265164,Business Analyst
74.94641419134342,78.75864876882649,77.45346530114479,65.77202225585526,Business Analyst
84.81270936194021,76.04995523602106,90.59508103562234,62.40873707936376,Business Analyst
47.75828026255657,79.25137889291258,84.78187747201811,65.55229012601117,Business Analyst
76.09609078973043,69.16499345813335,88.73968458084354,80.75796270991663,Business Analyst
68.14242331958727,80.47850012011807,74.59164785447265,73.89525427131234,Business Analyst
50.16946979185423,65.18650080215853,86.18094037007614,69.89612713492427,Business Analyst
42.02610400742449,71.56687859133015,76.92692576798835,48.227885309446805,Business Analyst
52.72949297602355,71.17460307102766,67.51228741984185,78.0811529907235,Business Analyst
60.71488741223615,67.8345015639243,79.72548123527484,70.12553296208164,Business Analyst
58.09423941024522,80.25851949825038,80.69951420395658,74.53884422067635,Business Analyst
67.43058368308736,73.39094302061471,82.56623040904576,60.642436940589036,Business Analyst
81.30795462543401,60.74457025659549,65.95536530963763,65.33156845312882,Business Analyst
91.75752127925281,62.45120458552904,95.89454198586726,78.93391218106413,Business Analyst
81.24484583491432,84.62361137767662,81.06064991252077,67.17192056740701,Business Analyst
53.14545901258427,69.34244184196993,100.0,53.977598104894966,Business Analyst
70.75956794340826,82.01727453564604,75.69108048863478,70.93146033452732,Business Analyst
65.97825523577055,73.38710606474496,79.7706424377387,73.85720621018443,Business Analyst
73.99335886326345,75.3674008291728,64.54835248012655,42.32009753275351,Business Analyst
82.02930769850506,69.87910693396634,88.21963423123853,65.53087895270797,Business Analyst
71.3253608552403,80.99523749090318,80.2005241548883,71.4760367527949,Business Analyst
65.88535751959394,81.33570787349962,91.03929254477151,66.62263115102165,Business Analyst
55.76356658164804,67.84282215435607,90.01854675915493,44.83796933463213,Business Analyst
78.13177023068764,75.65442030638381,61.79520137491715,92.36348874457566,Business Analyst
83.52098794119055,73.89609720387635,87.5475783686825,59.86644145517817,Business Analyst
77.130386911011,66.0763926386549,78.39242337473807,64.21208525724026,Business Analyst
77.6964669630503,62.801391855300395,98.82634613879681,57.431802272198226,Business Analyst
72.18709180836693,73.07732951403318,77.57393912726438,67.94050668427879,Business Analyst
84.83580115064846,79.6869469316603,82.17964501171659,57.09898680182816,Business Analyst
61.244129941772016,73.02345039845565,86.18694134893192,58.12781655551207,Business Analyst
92.26714602578639,69.81079538221341,91.18650421251998,83.7906191222613,Business Analyst
81.2291883256793,84.14677166681751,71.29388506232786,83.68474120577227,Business Analyst
80.21314215160899,78.95309758147489,80.33938554713879,50.155010504391385,Business Analyst
100.0,5.83,20.41,8.31,Tech Lead/Senior Developer
100.0,5.83,20.41,8.31,Tech Lead/Senior Developer
100.0,5.83,20.41,8.31,Tech Lead/Senior Developer
100.0,5.83,20.41,8.31,Tech Lead/Senior Developer
100.0,5.83,20.41,8.31,Tech Lead/Senior Developer
100.0,5.83,20.41,8.31,Tech Lead/Senior Developer
100.0,5.83,20.41,8.31,Tech Lead/Senior Developer
100.0,5.83,20.41,8.31,Tech Lead/Senior Developer
100.0,5.83,20.41,8.31,Tech Lead/Senior Developer
100.0,5.83,20.41,8.31,Tech Lead/Senior Developer
100.0,5.83,20.41,8.31,Tech Lead/Senior Developer
100.0,5.83,20.41,8.31,Tech Lead/Senior Developer
100.0,5.83,20.41,8.31,Tech Lead/Senior Developer
100.0,5.83,20.41,8.31,Tech Lead/Senior Developer
100.0,5.83,20.41,8.31,Tech Lead/Senior Developer
100.0,5.83,20.41,8.31,Tech Lead/Senior Developer
100.0,5.83,20.41,8.31,Tech Lead/Senior Developer
100.0,5.83,20.41,8.31,Tech Lead/Senior Developer
100.0,5.83,20.41,8.31,Tech Lead/Senior Developer
100.0,5.83,20.41,8.31,Tech Lead/Senior Developer
100.0,5.83,20.41,8.31,Tech Lead/Senior Developer
100.0,5.83,20.41,8.31,Tech Lead/Senior Developer
100.0,5.83,20.41,8.31,Tech Lead/Senior Developer
100.0,5.83,20.41,8.31,Tech Lead/Senior Developer
100.0,5.83,20.41,8.31,Tech Lead/Senior Developer
100.0,5.83,20.41,8.31,Tech Lead/Senior Developer
100.0,5.83,20.41,8.31,Tech Lead/Senior Developer
100.0,5.83,20.41,8.31,Tech Lead/Senior Developer
100.0,5.83,20.41,8.31,Tech Lead/Senior Developer
100.0,5.83,20.41,8.31,Tech Lead/Senior Developer
100.0,5.83,20.41,8.31,Tech Lead/Senior Developer
100.0,5.83,20.41,8.31,Tech Lead/Senior Developer
100.0,5.83,20.41,8.31,Tech Lead/Senior Developer
100.0,5.83,20.41,8.31,Tech Lead/Senior Developer
100.0,5.83,20.41,8.31,Tech Lead/Senior Developer
100.0,5.83,20.41,8.31,Tech Lead/Senior Developer
100.0,5.83,20.41,8.31,Tech Lead/Senior Developer
100.0,5.83,20.41,8.31,Tech Lead/Senior Developer
100.0,5.83,20.41,8.31,Tech Lead/Senior Developer
100.0,5.83,20.41,8.31,Tech Lead/Senior Developer
100.0,5.83,20.41,8.31,Tech Lead/Senior Developer
100.0,5.83,20.41,8.31,Tech Lead/Senior Developer
100.0,5.83,20.41,8.31,Tech Lead/Senior Developer
100.0,5.83,20.41,8.31,Tech Lead/Senior Developer
100.0,5.83,20.41,8.31,Tech Lead/Senior Developer
100.0,5.83,20.41,8.31,Tech Lead/Senior Developer
100.0,5.83,20.41,8.31,Tech Lead/Senior Developer
100.0,5.83,20.41,8.31,Tech Lead/Senior Developer
100.0,5.83,20.41,8.31,Tech Lead/Senior Developer
100.0,5.83,20.41,8.31,Tech Lead/Senior Developer
100.0,5.83,20.41,8.31,Tech Lead/Senior Developer
100.0,5.83,20.41,8.31,Tech Lead/Senior Developer
100.0,5.83,20.41,8.31,Tech Lead/Senior Developer
100.0,5.83,20.41,8.31,Tech Lead/Senior Developer
100.0,5.83,20.41,8.31,Tech Lead/Senior Developer
100.0,5.83,20.41,8.31,Tech Lead/Senior Developer
100.0,5.83,20.41,8.31,Tech Lead/Senior Developer
100.0,5.83,20.41,8.31,Tech Lead/Senior Developer
100.0,5.83,20.41,8.31,Tech Lead/Senior Developer
100.0,5.83,20.41,8.31,Tech Lead/Senior Developer
100.0,5.83,20.41,8.31,Tech Lead/Senior Developer
100.0,5.83,20.41,8.31,Tech Lead/Senior Developer
100.0,5.83,20.41,8.31,Tech Lead/Senior Developer
100.0,5.83,20.41,8.31,Tech Lead/Senior Developer
100.0,5.83,20.41,8.31,Tech Lead/Senior Developer
100.0,5.83,20.41,8.31,Tech Lead/Senior Developer
100.0,5.83,20.41,8.31,Tech Lead/Senior Developer
100.0,5.83,20.41,8.31,Tech Lead/Senior Developer
100.0,5.83,20.41,8.31,Tech Lead/Senior Developer
100.0,5.83,20.41,8.31,Tech Lead/Senior Developer
100.0,5.83,20.41,8.31,Tech Lead/Senior Developer
100.0,5.83,20.41,8.31,Tech Lead/Senior Developer
100.0,5.83,20.41,8.31,Tech Lead/Senior Developer
100.0,5.83,20.41,8.31,Tech Lead/Senior Developer
100.0,5.83,20.41,8.31,Tech Lead/Senior Developer
100.0,5.83,20.41,8.31,Tech Lead/Senior Developer
100.0,5.83,20.41,8.31,Tech Lead/Senior Developer
100.0,5.83,20.41,8.31,Tech Lead/Senior Developer
100.0,5.83,20.41,8.31,Tech Lead/Senior Developer
100.0,5.83,20.41,8.31,Tech Lead/Senior Developer
100.0,5.83,20.41,8.31,Tech Lead/Senior Developer
100.0,5.83,20.41,8.31,Tech Lead/Senior Developer
100.0,5.83,20.41,8.31,Tech Lead/Senior Developer
100.0,5.83,20.41,8.31,Tech Lead/Senior Developer
100.0,5.83,20.41,8.31,Tech Lead/Senior Developer
100.0,5.83,20.41,8.31,Tech Lead/Senior Developer
100.0,5.83,20.41,8.31,Tech Lead/Senior Developer
100.0,5.83,20.41,8.31,Tech Lead/Senior Developer
100.0,5.83,20.41,8.31,Tech Lead/Senior Developer
100.0,5.83,20.41,8.31,Tech Lead/Senior Developer
100.0,5.83,20.41,8.31,Tech Lead/Senior Developer
100.0,5.83,20.41,8.31,Tech Lead/Senior Developer
100.0,5.83,20.41,8.31,Tech Lead/Senior Developer
100.0,5.83,20.41,8.31,Tech Lead/Senior Developer
100.0,5.83,20.41,8.31,Tech Lead/Senior Developer
100.0,5.83,20.41,8.31,Tech Lead/Senior Developer
100.0,5.83,20.41,8.31,Tech Lead/Senior Developer
100.0,5.83,20.41,8.31,Tech Lead/Senior Developer
100.0,5.83,20.41,8.31,Tech Lead/Senior Developer
100.0,5.83,20.41,8.31,Tech Lead/Senior Developer
100.0,5.83,20.41,8.31,Tech Lead/Senior Developer
100.0,5.83,20.41,8.31,Tech Lead/Senior Developer
100.0,5.83,20.41,8.31,Tech Lead/Senior Developer
100.0,5.83,20.41,8.31,Tech Lead/Senior Developer
100.0,5.83,20.41,8.31,Tech Lead/Senior Developer
100.0,5.83,20.41,8.31,Tech Lead/Senior Developer
100.0,5.83,20.41,8.31,Tech Lead/Senior Developer
100.0,5.83,20.41,8.31,Tech Lead/Senior Developer
100.0,5.83,20.41,8.31,Tech Lead/Senior Developer
100.0,5.83,20.41,8.31,Tech Lead/Senior Developer
100.0,5.83,20.41,8.31,Tech Lead/Senior Developer
100.0,5.83,20.41,8.31,Tech Lead/Senior Developer
100.0,5.83,20.41,8.31,Tech Lead/Senior Developer
100.0,5.83,20.41,8.31,Tech Lead/Senior Developer
100.0,5.83,20.41,8.31,Tech Lead/Senior Developer
100.0,5.83,20.41,8.31,Tech Lead/Senior Developer
100.0,5.83,20.41,8.31,Tech Lead/Senior Developer
100.0,5.83,20.41,8.31,Tech Lead/Senior Developer
100.0,5.83,20.41,8.31,Tech Lead/Senior Developer
100.0,5.83,20.41,8.31,Tech Lead/Senior Developer
100.0,5.83,20.41,8.31,Tech Lead/Senior Developer
100.0,5.83,20.41,8.31,Tech Lead/Senior Developer
100.0,5.83,20.41,8.31,Tech Lead/Senior Developer
100.0,5.83,20.41,8.31,Tech Lead/Senior Developer
100.0,5.83,20.41,8.31,Tech Lead/Senior Developer
100.0,5.83,20.41,8.31,Tech Lead/Senior Developer
100.0,5.83,20.41,8.31,Tech Lead/Senior Developer
100.0,5.83,20.41,8.31,Tech Lead/Senior Developer
100.0,5.83,20.41,8.31,Tech Lead/Senior Developer
100.0,5.83,20.41,8.31,Tech Lead/Senior Developer
100.0,5.83,20.41,8.31,Tech Lead/Senior Developer
100.0,5.83,20.41,8.31,Tech Lead/Senior Developer
100.0,5.83,20.41,8.31,Tech Lead/Senior Developer
100.0,5.83,20.41,8.31,Tech Lead/Senior Developer
100.0,5.83,20.41,8.31,Tech Lead/Senior Developer
100.0,5.83,20.41,8.31,Tech Lead/Senior Developer
100.0,5.83,20.41,8.31,Tech Lead/Senior Developer
100.0,5.83,20.41,8.31,Tech Lead/Senior Developer
100.0,5.83,20.41,8.31,Tech Lead/Senior Developer
100.0,5.83,20.41,8.31,Tech Lead/Senior Developer
100.0,5.83,20.41,8.31,Tech Lead/Senior Developer
100.0,5.83,20.41,8.31,Tech Lead/Senior Developer
100.0,5.83,20.41,8.31,Tech Lead/Senior Developer
100.0,5.83,20.41,8.31,Tech Lead/Senior Developer
100.0,5.83,20.41,8.31,Tech Lead/Senior Developer
100.0,5.83,20.41,8.31,Tech Lead/Senior Developer
100.0,5.83,20.41,8.31,Tech Lead/Senior Developer
100.0,5.83,20.41,8.31,Tech Lead/Senior Developer
100.0,5.83,20.41,8.31,Tech Lead/Senior Developer
100.0,5.83,20.41,8.31,Tech Lead/Senior Developer
100.0,5.83,20.41,8.31,Tech Lead/Senior Developer
100.0,5.83,20.41,8.31,Tech Lead/Senior Developer
100.0,5.83,20.41,8.31,Tech Lead/Senior Developer
100.0,5.83,20.41,8.31,Tech Lead/Senior Developer
100.0,5.83,20.41,8.31,Tech Lead/Senior Developer
100.0,5.83,20.41,8.31,Tech Lead/Senior Developer
100.0,5.83,20.41,8.31,Tech Lead/Senior Developer
100.0,5.83,20.41,8.31,Tech Lead/Senior Developer
100.0,5.83,20.41,8.31,Tech Lead/Senior Developer
100.0,5.83,20.41,8.31,Tech Lead/Senior Developer
100.0,5.83,20.41,8.31,Tech Lead/Senior Developer
100.0,5.83,20.41,8.31,Tech Lead/Senior Developer
100.0,5.83,20.41,8.31,Tech Lead/Senior Developer
100.0,5.83,20.41,8.31,Tech Lead/Senior Developer
100.0,5.83,20.41,8.31,Tech Lead/Senior Developer
100.0,5.83,20.41,8.31,Tech Lead/Senior Developer
100.0,5.83,20.41,8.31,Tech Lead/Senior Developer
100.0,5.83,20.41,8.31,Tech Lead/Senior Developer
100.0,5.83,20.41,8.31,Tech Lead/Senior Developer
100.0,5.83,20.41,8.31,Tech Lead/Senior Developer
100.0,5.83,20.41,8.31,Tech Lead/Senior Developer
100.0,5.83,20.41,8.31,Tech Lead/Senior Developer
100.0,5.83,20.41,8.31,Tech Lead/Senior Developer
100.0,5.83,20.41,8.31,Tech Lead/Senior Developer
100.0,5.83,20.41,8.31,Tech Lead/Senior Developer
100.0,5.83,20.41,8.31,Tech Lead/Senior Developer
100.0,5.83,20.41,8.31,Tech Lead/Senior Developer
100.0,5.83,20.41,8.31,Tech Lead/Senior Developer
100.0,5.83,20.41,8.31,Tech Lead/Senior Developer
100.0,5.83,20.41,8.31,Tech Lead/Senior Developer
100.0,5.83,20.41,8.31,Tech Lead/Senior Developer
100.0,5.83,20.41,8.31,Tech Lead/Senior Developer
100.0,5.83,20.41,8.31,Tech Lead/Senior Developer
100.0,5.83,20.41,8.31,Tech Lead/Senior Developer
100.0,5.83,20.41,8.31,Tech Lead/Senior Developer
100.0,5.83,20.41,8.31,Tech Lead/Senior Developer
100.0,5.83,20.41,8.31,Tech Lead/Senior Developer
100.0,5.83,20.41,8.31,Tech Lead/Senior Developer
100.0,5.83,20.41,8.31,Tech Lead/Senior Developer
100.0,5.83,20.41,8.31,Tech Lead/Senior Developer
100.0,5.83,20.41,8.31,Tech Lead/Senior Developer
100.0,5.83,20.41,8.31,Tech Lead/Senior Developer
100.0,5.83,20.41,8.31,Tech Lead/Senior Developer
100.0,5.83,20.41,8.31,Tech Lead/Senior Developer
100.0,5.83,20.41,8.31,Tech Lead/Senior Developer
100.0,5.83,20.41,8.31,Tech Lead/Senior Developer
100.0,5.83,20.41,8.31,Tech Lead/Senior Developer
100.0,5.83,20.41,8.31,Tech Lead/Senior Developer
100.0,5.83,20.41,8.31,Tech Lead/Senior Developer
100.0,5.83,20.41,8.31,Tech Lead/Senior Developer
100.0,100.0,100.0,100.0,Software Developer
100.0,100.0,100.0,100.0,Software Developer
100.0,100.0,100.0,100.0,Software Developer
100.0,100.0,100.0,100.0,Software Developer
100.0,100.0,100.0,100.0,Software Developer
100.0,100.0,100.0,100.0,Software Developer
100.0,100.0,100.0,100.0,Software Developer
100.0,100.0,100.0,100.0,Software Developer
100.0,100.0,100.0,100.0,Software Developer
100.0,100.0,100.0,100.0,Software Developer
100.0,100.0,100.0,100.0,Software Developer
100.0,100.0,100.0,100.0,Software Developer
100.0,100.0,100.0,100.0,Software Developer
100.0,100.0,100.0,100.0,Software Developer
100.0,100.0,100.0,100.0,Software Developer
100.0,100.0,100.0,100.0,Software Developer
100.0,100.0,100.0,100.0,Software Developer
100.0,100.0,100.0,100.0,Software Developer
100.0,100.0,100.0,100.0,Software Developer
100.0,100.0,100.0,100.0,Software Developer
100.0,100.0,100.0,100.0,Software Developer
100.0,100.0,100.0,100.0,Software Developer
100.0,100.0,100.0,100.0,Software Developer
100.0,100.0,100.0,100.0,Software Developer
100.0,100.0,100.0,100.0,Software Developer
100.0,100.0,100.0,100.0,Software Developer
100.0,100.0,100.0,100.0,Software Developer
100.0,100.0,100.0,100.0,Software Developer
100.0,100.0,100.0,100.0,Software Developer
100.0,100.0,100.0,100.0,Software Developer
100.0,100.0,100.0,100.0,Software Developer
100.0,100.0,100.0,100.0,Software Developer
100.0,100.0,100.0,100.0,Software Developer
100.0,100.0,100.0,100.0,Software Developer
100.0,100.0,100.0,100.0,Software Developer
100.0,100.0,100.0,100.0,Software Developer
100.0,100.0,100.0,100.0,Software Developer
100.0,100.0,100.0,100.0,Software Developer
100.0,100.0,100.0,100.0,Software Developer
100.0,100.0,100.0,100.0,Software Developer
100.0,100.0,100.0,100.0,Software Developer
100.0,100.0,100.0,100.0,Software Developer
100.0,100.0,100.0,100.0,Software Developer
100.0,100.0,100.0,100.0,Software Developer
100.0,100.0,100.0,100.0,Software Developer
100.0,100.0,100.0,100.0,Software Developer
100.0,100.0,100.0,100.0,Software Developer
100.0,100.0,100.0,100.0,Software Developer
100.0,100.0,100.0,100.0,Software Developer
100.0,100.0,100.0,100.0,Software Developer
100.0,100.0,100.0,100.0,Software Developer
100.0,100.0,100.0,100.0,Software Developer
100.0,100.0,100.0,100.0,Software Developer
100.0,100.0,100.0,100.0,Software Developer
100.0,100.0,100.0,100.0,Software Developer
100.0,100.0,100.0,100.0,Software Developer
100.0,100.0,100.0,100.0,Software Developer
100.0,100.0,100.0,100.0,Software Developer
100.0,100.0,100.0,100.0,Software Developer
100.0,100.0,100.0,100.0,Software Developer
100.0,100.0,100.0,100.0,Software Developer
100.0,100.0,100.0,100.0,Software Developer
100.0,100.0,100.0,100.0,Software Developer
100.0,100.0,100.0,100.0,Software Developer
100.0,100.0,100.0,100.0,Software Developer
100.0,100.0,100.0,100.0,Software Developer
100.0,100.0,100.0,100.0,Software Developer
100.0,100.0,100.0,100.0,Software Developer
100.0,100.0,100.0,100.0,Software Developer
100.0,100.0,100.0,100.0,Software Developer
100.0,100.0,100.0,100.0,Software Developer
100.0,100.0,100.0,100.0,Software Developer
100.0,100.0,100.0,100.0,Software Developer
100.0,100.0,100.0,100.0,Software Developer
100.0,100.0,100.0,100.0,Software Developer
100.0,100.0,100.0,100.0,Software Developer
100.0,100.0,100.0,100.0,Software Developer
100.0,100.0,100.0,100.0,Software Developer
100.0,100.0,100.0,100.0,Software Developer
100.0,100.0,100.0,100.0,Software Developer
100.0,100.0,100.0,100.0,Software Developer
100.0,100.0,100.0,100.0,Software Developer
100.0,100.0,100.0,100.0,Software Developer
100.0,100.0,100.0,100.0,Software Developer
100.0,100.0,100.0,100.0,Software Developer
100.0,100.0,100.0,100.0,Software Developer
100.0,100.0,100.0,100.0,Software Developer
100.0,100.0,100.0,100.0,Software Developer
100.0,100.0,100.0,100.0,Software Developer
100.0,100.0,100.0,100.0,Software Developer
100.0,100.0,100.0,100.0,Software Developer
100.0,100.0,100.0,100.0,Software Developer
100.0,100.0,100.0,100.0,Software Developer
100.0,100.0,100.0,100.0,Software Developer
100.0,100.0,100.0,100.0,Software Developer
100.0,100.0,100.0,100.0,Software Developer
100.0,100.0,100.0,100.0,Software Developer
100.0,100.0,100.0,100.0,Software Developer
100.0,100.0,100.0,100.0,Software Developer
100.0,100.0,100.0,100.0,Software Developer
100.0,100.0,100.0,100.0,Software Developer
100.0,100.0,100.0,100.0,Software Developer
100.0,100.0,100.0,100.0,Software Developer
100.0,100.0,100.0,100.0,Software Developer
100.0,100.0,100.0,100.0,Software Developer
100.0,100.0,100.0,100.0,Software Developer
100.0,100.0,100.0,100.0,Software Developer
100.0,100.0,100.0,100.0,Software Developer
100.0,100.0,100.0,100.0,Software Developer
100.0,100.0,100.0,100.0,Software Developer
100.0,100.0,100.0,100.0,Software Developer
100.0,100.0,100.0,100.0,Software Developer
100.0,100.0,100.0,100.0,Software Developer
100.0,100.0,100.0,100.0,Software Developer
100.0,100.0,100.0,100.0,Software Developer
100.0,100.0,100.0,100.0,Software Developer
100.0,100.0,100.0,100.0,Software Developer
100.0,100.0,100.0,100.0,Software Developer
100.0,100.0,100.0,100.0,Software Developer
100.0,100.0,100.0,100.0,Software Developer
100.0,100.0,100.0,100.0,Software Developer
100.0,100.0,100.0,100.0,Software Developer
100.0,100.0,100.0,100.0,Software Developer
100.0,100.0,100.0,100.0,Software Developer
100.0,100.0,100.0,100.0,Software Developer
100.0,100.0,100.0,100.0,Software Developer
100.0,100.0,100.0,100.0,Software Developer
100.0,100.0,100.0,100.0,Software Developer
100.0,100.0,100.0,100.0,Software Developer
100.0,100.0,100.0,100.0,Software Developer
100.0,100.0,100.0,100.0,Software Developer
100.0,100.0,100.0,100.0,Software Developer
100.0,100.0,100.0,100.0,Software Developer
100.0,100.0,100.0,100.0,Software Developer
100.0,100.0,100.0,100.0,Software Developer
100.0,100.0,100.0,100.0,Software Developer
100.0,100.0,100.0,100.0,Software Developer
100.0,100.0,100.0,100.0,Software Developer
100.0,100.0,100.0,100.0,Software Developer
100.0,100.0,100.0,100.0,Software Developer
100.0,100.0,100.0,100.0,Software Developer
100.0,100.0,100.0,100.0,Software Developer
100.0,100.0,100.0,100.0,Software Developer
100.0,100.0,100.0,100.0,Software Developer
100.0,100.0,100.0,100.0,Software Developer
100.0,100.0,100.0,100.0,Software Developer
100.0,100.0,100.0,100.0,Software Developer
100.0,100.0,100.0,100.0,Software Developer
100.0,100.0,100.0,100.0,Software Developer
100.0,100.0,100.0,100.0,Software Developer
100.0,100.0,100.0,100.0,Software Developer
100.0,100.0,100.0,100.0,Software Developer
100.0,100.0,100.0,100.0,Software Developer
100.0,100.0,100.0,100.0,Software Developer
100.0,100.0,100.0,100.0,Software Developer
100.0,100.0,100.0,100.0,Software Developer
100.0,100.0,100.0,100.0,Software Developer
100.0,100.0,100.0,100.0,Software Developer
100.0,100.0,100.0,100.0,Software Developer
100.0,100.0,100.0,100.0,Software Developer
100.0,100.0,100.0,100.0,Software Developer
100.0,100.0,100.0,100.0,Software Developer
100.0,100.0,100.0,100.0,Software Developer
100.0,100.0,100.0,100.0,Software Developer
100.0,100.0,100.0,100.0,Software Developer
100.0,100.0,100.0,100.0,Software Developer
100.0,100.0,100.0,100.0,Software Developer
100.0,100.0,100.0,100.0,Software Developer
100.0,100.0,100.0,100.0,Software Developer
100.0,100.0,100.0,100.0,Software Developer
100.0,100.0,100.0,100.0,Software Developer
100.0,100.0,100.0,100.0,Software Developer
100.0,100.0,100.0,100.0,Software Developer
100.0,100.0,100.0,100.0,Software Developer
100.0,100.0,100.0,100.0,Software Developer
100.0,100.0,100.0,100.0,Software Developer
100.0,100.0,100.0,100.0,Software Developer
100.0,100.0,100.0,100.0,Software Developer
100.0,100.0,100.0,100.0,Software Developer
100.0,100.0,100.0,100.0,Software Developer
100.0,100.0,100.0,100.0,Software Developer
100.0,100.0,100.0,100.0,Software Developer
100.0,100.0,100.0,100.0,Software Developer
100.0,100.0,100.0,100.0,Software Developer
100.0,100.0,100.0,100.0,Software Developer
100.0,100.0,100.0,100.0,Software Developer
100.0,100.0,100.0,100.0,Software Developer
100.0,100.0,100.0,100.0,Software Developer
100.0,100.0,100.0,100.0,Software Developer
100.0,100.0,100.0,100.0,Software Developer
100.0,100.0,100.0,100.0,Software Developer
100.0,100.0,100.0,100.0,Software Developer
100.0,100.0,100.0,100.0,Software Developer
100.0,100.0,100.0,100.0,Software Developer
100.0,100.0,100.0,100.0,Software Developer
100.0,100.0,100.0,100.0,Software Developer
100.0,100.0,100.0,100.0,Software Developer
100.0,100.0,100.0,100.0,Software Developer
100.0,100.0,100.0,100.0,Software Developer
100.0,100.0,100.0,100.0,Software Developer
100.0,7.37,20.9,9.49,Project Manager
100.0,7.37,20.9,9.49,Project Manager
100.0,7.37,20.9,9.49,Project Manager
100.0,7.37,20.9,9.49,Project Manager
100.0,7.37,20.9,9.49,Project Manager
100.0,7.37,20.9,9.49,Project Manager
100.0,7.37,20.9,9.49,Project Manager
100.0,7.37,20.9,9.49,Project Manager
100.0,7.37,20.9,9.49,Project Manager
100.0,7.37,20.9,9.49,Project Manager
100.0,7.37,20.9,9.49,Project Manager
100.0,7.37,20.9,9.49,Project Manager
100.0,7.37,20.9,9.49,Project Manager
100.0,7.37,20.9,9.49,Project Manager
100.0,7.37,20.9,9.49,Project Manager
100.0,7.37,20.9,9.49,Project Manager
100.0,7.37,20.9,9.49,Project Manager
100.0,7.37,20.9,9.49,Project Manager
100.0,7.37,20.9,9.49,Project Manager
100.0,7.37,20.9,9.49,Project Manager
100.0,7.37,20.9,9.49,Project Manager
100.0,7.37,20.9,9.49,Project Manager
100.0,7.37,20.9,9.49,Project Manager
100.0,7.37,20.9,9.49,Project Manager
100.0,7.37,20.9,9.49,Project Manager
100.0,7.37,20.9,9.49,Project Manager
100.0,7.37,20.9,9.49,Project Manager
100.0,7.37,20.9,9.49,Project Manager
100.0,7.37,20.9,9.49,Project Manager
100.0,7.37,20.9,9.49,Project Manager
100.0,7.37,20.9,9.49,Project Manager
100.0,7.37,20.9,9.49,Project Manager
100.0,7.37,20.9,9.49,Project Manager
100.0,7.37,20.9,9.49,Project Manager
100.0,7.37,20.9,9.49,Project Manager
100.0,7.37,20.9,9.49,Project Manager
100.0,7.37,20.9,9.49,Project Manager
100.0,7.37,20.9,9.49,Project Manager
100.0,7.37,20.9,9.49,Project Manager
100.0,7.37,20.9,9.49,Project Manager
100.0,7.37,20.9,9.49,Project Manager
100.0,7.37,20.9,9.49,Project Manager
100.0,7.37,20.9,9.49,Project Manager
100.0,7.37,20.9,9.49,Project Manager
100.0,7.37,20.9,9.49,Project Manager
100.0,7.37,20.9,9.49,Project Manager
100.0,7.37,20.9,9.49,Project Manager
100.0,7.37,20.9,9.49,Project Manager
100.0,7.37,20.9,9.49,Project Manager
100.0,7.37,20.9,9.49,Project Manager
100.0,7.37,20.9,9.49,Project Manager
100.0,7.37,20.9,9.49,Project Manager
100.0,7.37,20.9,9.49,Project Manager
100.0,7.37,20.9,9.49,Project Manager
100.0,7.37,20.9,9.49,Project Manager
100.0,7.37,20.9,9.49,Project Manager
100.0,7.37,20.9,9.49,Project Manager
100.0,7.37,20.9,9.49,Project Manager
100.0,7.37,20.9,9.49,Project Manager
100.0,7.37,20.9,9.49,Project Manager
100.0,7.37,20.9,9.49,Project Manager
100.0,7.37,20.9,9.49,Project Manager
100.0,7.37,20.9,9.49,Project Manager
100.0,7.37,20.9,9.49,Project Manager
100.0,7.37,20.9,9.49,Project Manager
100.0,7.37,20.9,9.49,Project Manager
100.0,7.37,20.9,9.49,Project Manager
100.0,7.37,20.9,9.49,Project Manager
100.0,7.37,20.9,9.49,Project Manager
100.0,7.37,20.9,9.49,Project Manager
100.0,7.37,20.9,9.49,Project Manager
100.0,7.37,20.9,9.49,Project Manager
100.0,7.37,20.9,9.49,Project Manager
100.0,7.37,20.9,9.49,Project Manager
100.0,7.37,20.9,9.49,Project Manager
100.0,7.37,20.9,9.49,Project Manager
100.0,7.37,20.9,9.49,Project Manager
100.0,7.37,20.9,9.49,Project Manager
100.0,7.37,20.9,9.49,Project Manager
100.0,7.37,20.9,9.49,Project Manager
100.0,7.37,20.9,9.49,Project Manager
100.0,7.37,20.9,9.49,Project Manager
100.0,7.37,20.9,9.49,Project Manager
100.0,7.37,20.9,9.49,Project Manager
100.0,7.37,20.9,9.49,Project Manager
100.0,7.37,20.9,9.49,Project Manager
100.0,7.37,20.9,9.49,Project Manager
100.0,7.37,20.9,9.49,Project Manager
100.0,7.37,20.9,9.49,Project Manager
100.0,7.37,20.9,9.49,Project Manager
100.0,7.37,20.9,9.49,Project Manager
100.0,7.37,20.9,9.49,Project Manager
100.0,7.37,20.9,9.49,Project Manager
100.0,7.37,20.9,9.49,Project Manager
100.0,7.37,20.9,9.49,Project Manager
100.0,7.37,20.9,9.49,Project Manager
100.0,7.37,20.9,9.49,Project Manager
100.0,7.37,20.9,9.49,Project Manager
100.0,7.37,20.9,9.49,Project Manager
100.0,7.37,20.9,9.49,Project Manager
100.0,7.37,20.9,9.49,Project Manager
100.0,7.37,20.9,9.49,Project Manager
100.0,7.37,20.9,9.49,Project Manager
100.0,7.37,20.9,9.49,Project Manager
100.0,7.37,20.9,9.49,Project Manager
100.0,7.37,20.9,9.49,Project Manager
100.0,7.37,20.9,9.49,Project Manager
100.0,7.37,20.9,9.49,Project Manager
100.0,7.37,20.9,9.49,Project Manager
100.0,7.37,20.9,9.49,Project Manager
100.0,7.37,20.9,9.49,Project Manager
100.0,7.37,20.9,9.49,Project Manager
100.0,7.37,20.9,9.49,Project Manager
100.0,7.37,20.9,9.49,Project Manager
100.0,7.37,20.9,9.49,Project Manager
100.0,7.37,20.9,9.49,Project Manager
100.0,7.37,20.9,9.49,Project Manager
100.0,7.37,20.9,9.49,Project Manager
100.0,7.37,20.9,9.49,Project Manager
100.0,7.37,20.9,9.49,Project Manager
100.0,7.37,20.9,9.49,Project Manager
100.0,7.37,20.9,9.49,Project Manager
100.0,7.37,20.9,9.49,Project Manager
100.0,7.37,20.9,9.49,Project Manager
100.0,7.37,20.9,9.49,Project Manager
100.0,7.37,20.9,9.49,Project Manager
100.0,7.37,20.9,9.49,Project Manager
100.0,7.37,20.9,9.49,Project Manager
100.0,7.37,20.9,9.49,Project Manager
100.0,7.37,20.9,9.49,Project Manager
100.0,7.37,20.9,9.49,Project Manager
100.0,7.37,20.9,9.49,Project Manager
100.0,7.37,20.9,9.49,Project Manager
100.0,7.37,20.9,9.49,Project Manager
100.0,7.37,20.9,9.49,Project Manager
100.0,7.37,20.9,9.49,Project Manager
100.0,7.37,20.9,9.49,Project Manager
100.0,7.37,20.9,9.49,Project Manager
100.0,7.37,20.9,9.49,Project Manager
100.0,7.37,20.9,9.49,Project Manager
100.0,7.37,20.9,9.49,Project Manager
100.0,7.37,20.9,9.49,Project Manager
100.0,7.37,20.9,9.49,Project Manager
100.0,7.37,20.9,9.49,Project Manager
100.0,7.37,20.9,9.49,Project Manager
100.0,7.37,20.9,9.49,Project Manager
100.0,7.37,20.9,9.49,Project Manager
100.0,7.37,20.9,9.49,Project Manager
100.0,7.37,20.9,9.49,Project Manager
100.0,7.37,20.9,9.49,Project Manager
100.0,7.37,20.9,9.49,Project Manager
100.0,7.37,20.9,9.49,Project Manager
100.0,7.37,20.9,9.49,Project Manager
100.0,7.37,20.9,9.49,Project Manager
100.0,7.37,20.9,9.49,Project Manager
100.0,7.37,20.9,9.49,Project Manager
100.0,7.37,20.9,9.49,Project Manager
100.0,7.37,20.9,9.49,Project Manager
100.0,7.37,20.9,9.49,Project Manager
100.0,7.37,20.9,9.49,Project Manager
100.0,7.37,20.9,9.49,Project Manager
100.0,7.37,20.9,9.49,Project Manager
100.0,7.37,20.9,9.49,Project Manager
100.0,7.37,20.9,9.49,Project Manager
100.0,7.37,20.9,9.49,Project Manager
100.0,7.37,20.9,9.49,Project Manager
100.0,7.37,20.9,9.49,Project Manager
100.0,7.37,20.9,9.49,Project Manager
100.0,7.37,20.9,9.49,Project Manager
100.0,7.37,20.9,9.49,Project Manager
100.0,7.37,20.9,9.49,Project Manager
100.0,7.37,20.9,9.49,Project Manager
100.0,7.37,20.9,9.49,Project Manager
100.0,7.37,20.9,9.49,Project Manager
100.0,7.37,20.9,9.49,Project Manager
100.0,7.37,20.9,9.49,Project Manager
100.0,7.37,20.9,9.49,Project Manager
100.0,7.37,20.9,9.49,Project Manager
100.0,7.37,20.9,9.49,Project Manager
100.0,7.37,20.9,9.49,Project Manager
100.0,7.37,20.9,9.49,Project Manager
100.0,7.37,20.9,9.49,Project Manager
100.0,7.37,20.9,9.49,Project Manager
100.0,7.37,20.9,9.49,Project Manager
100.0,7.37,20.9,9.49,Project Manager
100.0,7.37,20.9,9.49,Project Manager
100.0,7.37,20.9,9.49,Project Manager
100.0,7.37,20.9,9.49,Project Manager
100.0,7.37,20.9,9.49,Project Manager
100.0,7.37,20.9,9.49,Project Manager
100.0,7.37,20.9,9.49,Project Manager
100.0,7.37,20.9,9.49,Project Manager
100.0,7.37,20.9,9.49,Project Manager
100.0,7.37,20.9,9.49,Project Manager
100.0,7.37,20.9,9.49,Project Manager
100.0,7.37,20.9,9.49,Project Manager
100.0,7.37,20.9,9.49,Project Manager
100.0,7.37,20.9,9.49,Project Manager
100.0,7.37,20.9,9.49,Project Manager
100.0,7.37,20.9,9.49,Project Manager
100.0,100.0,100.0,100.0,Technical Specialist
100.0,100.0,100.0,100.0,Technical Specialist
100.0,100.0,100.0,100.0,Technical Specialist
100.0,100.0,100.0,100.0,Technical Specialist
100.0,100.0,100.0,100.0,Technical Specialist
100.0,100.0,100.0,100.0,Technical Specialist
100.0,100.0,100.0,100.0,Technical Specialist
100.0,100.0,100.0,100.0,Technical Specialist
100.0,100.0,100.0,100.0,Technical Specialist
100.0,100.0,100.0,100.0,Technical Specialist
100.0,100.0,100.0,100.0,Technical Specialist
100.0,100.0,100.0,100.0,Technical Specialist
100.0,100.0,100.0,100.0,Technical Specialist
100.0,100.0,100.0,100.0,Technical Specialist
100.0,100.0,100.0,100.0,Technical Specialist
100.0,100.0,100.0,100.0,Technical Specialist
100.0,100.0,100.0,100.0,Technical Specialist
100.0,100.0,100.0,100.0,Technical Specialist
100.0,100.0,100.0,100.0,Technical Specialist
100.0,100.0,100.0,100.0,Technical Specialist
100.0,100.0,100.0,100.0,Technical Specialist
100.0,100.0,100.0,100.0,Technical Specialist
100.0,100.0,100.0,100.0,Technical Specialist
100.0,100.0,100.0,100.0,Technical Specialist
100.0,100.0,100.0,100.0,Technical Specialist
100.0,100.0,100.0,100.0,Technical Specialist
100.0,100.0,100.0,100.0,Technical Specialist
100.0,100.0,100.0,100.0,Technical Specialist
100.0,100.0,100.0,100.0,Technical Specialist
100.0,100.0,100.0,100.0,Technical Specialist
100.0,100.0,100.0,100.0,Technical Specialist
100.0,100.0,100.0,100.0,Technical Specialist
100.0,100.0,100.0,100.0,Technical Specialist
100.0,100.0,100.0,100.0,Technical Specialist
100.0,100.0,100.0,100.0,Technical Specialist
100.0,100.0,100.0,100.0,Technical Specialist
100.0,100.0,100.0,100.0,Technical Specialist
100.0,100.0,100.0,100.0,Technical Specialist
100.0,100.0,100.0,100.0,Technical Specialist
100.0,100.0,100.0,100.0,Technical Specialist
100.0,100.0,100.0,100.0,Technical Specialist
100.0,100.0,100.0,100.0,Technical Specialist
100.0,100.0,100.0,100.0,Technical Specialist
100.0,100.0,100.0,100.0,Technical Specialist
100.0,100.0,100.0,100.0,Technical Specialist
100.0,100.0,100.0,100.0,Technical Specialist
100.0,100.0,100.0,100.0,Technical Specialist
100.0,100.0,100.0,100.0,Technical Specialist
100.0,100.0,100.0,100.0,Technical Specialist
100.0,100.0,100.0,100.0,Technical Specialist
100.0,100.0,100.0,100.0,Technical Specialist
100.0,100.0,100.0,100.0,Technical Specialist
100.0,100.0,100.0,100.0,Technical Specialist
100.0,100.0,100.0,100.0,Technical Specialist
100.0,100.0,100.0,100.0,Technical Specialist
100.0,100.0,100.0,100.0,Technical Specialist
100.0,100.0,100.0,100.0,Technical Specialist
100.0,100.0,100.0,100.0,Technical Specialist
100.0,100.0,100.0,100.0,Technical Specialist
100.0,100.0,100.0,100.0,Technical Specialist
100.0,100.0,100.0,100.0,Technical Specialist
100.0,100.0,100.0,100.0,Technical Specialist
100.0,100.0,100.0,100.0,Technical Specialist
100.0,100.0,100.0,100.0,Technical Specialist
100.0,100.0,100.0,100.0,Technical Specialist
100.0,100.0,100.0,100.0,Technical Specialist
100.0,100.0,100.0,100.0,Technical Specialist
100.0,100.0,100.0,100.0,Technical Specialist
100.0,100.0,100.0,100.0,Technical Specialist
100.0,100.0,100.0,100.0,Technical Specialist
100.0,100.0,100.0,100.0,Technical Specialist
100.0,100.0,100.0,100.0,Technical Specialist
100.0,100.0,100.0,100.0,Technical Specialist
100.0,100.0,100.0,100.0,Technical Specialist
100.0,100.0,100.0,100.0,Technical Specialist
100.0,100.0,100.0,100.0,Technical Specialist
100.0,100.0,100.0,100.0,Technical Specialist
100.0,100.0,100.0,100.0,Technical Specialist
100.0,100.0,100.0,100.0,Technical Specialist
100.0,100.0,100.0,100.0,Technical Specialist
100.0,100.0,100.0,100.0,Technical Specialist
100.0,100.0,100.0,100.0,Technical Specialist
100.0,100.0,100.0,100.0,Technical Specialist
100.0,100.0,100.0,100.0,Technical Specialist
100.0,100.0,100.0,100.0,Technical Specialist
100.0,100.0,100.0,100.0,Technical Specialist
100.0,100.0,100.0,100.0,Technical Specialist
100.0,100.0,100.0,100.0,Technical Specialist
100.0,100.0,100.0,100.0,Technical Specialist
100.0,100.0,100.0,100.0,Technical Specialist
100.0,100.0,100.0,100.0,Technical Specialist
100.0,100.0,100.0,100.0,Technical Specialist
100.0,100.0,100.0,100.0,Technical Specialist
100.0,100.0,100.0,100.0,Technical Specialist
100.0,100.0,100.0,100.0,Technical Specialist
100.0,100.0,100.0,100.0,Technical Specialist
100.0,100.0,100.0,100.0,Technical Specialist
100.0,100.0,100.0,100.0,Technical Specialist
100.0,100.0,100.0,100.0,Technical Specialist
100.0,100.0,100.0,100.0,Technical Specialist
100.0,100.0,100.0,100.0,Technical Specialist
100.0,100.0,100.0,100.0,Technical Specialist
100.0,100.0,100.0,100.0,Technical Specialist
100.0,100.0,100.0,100.0,Technical Specialist
100.0,100.0,100.0,100.0,Technical Specialist
100.0,100.0,100.0,100.0,Technical Specialist
100.0,100.0,100.0,100.0,Technical Specialist
100.0,100.0,100.0,100.0,Technical Specialist
100.0,100.0,100.0,100.0,Technical Specialist
100.0,100.0,100.0,100.0,Technical Specialist
100.0,100.0,100.0,100.0,Technical Specialist
100.0,100.0,100.0,100.0,Technical Specialist
100.0,100.0,100.0,100.0,Technical Specialist
100.0,100.0,100.0,100.0,Technical Specialist
100.0,100.0,100.0,100.0,Technical Specialist
100.0,100.0,100.0,100.0,Technical Specialist
100.0,100.0,100.0,100.0,Technical Specialist
100.0,100.0,100.0,100.0,Technical Specialist
100.0,100.0,100.0,100.0,Technical Specialist
100.0,100.0,100.0,100.0,Technical Specialist
100.0,100.0,100.0,100.0,Technical Specialist
100.0,100.0,100.0,100.0,Technical Specialist
100.0,100.0,100.0,100.0,Technical Specialist
100.0,100.0,100.0,100.0,Technical Specialist
100.0,100.0,100.0,100.0,Technical Specialist
100.0,100.0,100.0,100.0,Technical Specialist
100.0,100.0,100.0,100.0,Technical Specialist
100.0,100.0,100.0,100.0,Technical Specialist
100.0,100.0,100.0,100.0,Technical Specialist
100.0,100.0,100.0,100.0,Technical Specialist
100.0,100.0,100.0,100.0,Technical Specialist
100.0,100.0,100.0,100.0,Technical Specialist
100.0,100.0,100.0,100.0,Technical Specialist
100.0,100.0,100.0,100.0,Technical Specialist
100.0,100.0,100.0,100.0,Technical Specialist
100.0,100.0,100.0,100.0,Technical Specialist
100.0,100.0,100.0,100.0,Technical Specialist
100.0,100.0,100.0,100.0,Technical Specialist
100.0,100.0,100.0,100.0,Technical Specialist
100.0,100.0,100.0,100.0,Technical Specialist
100.0,100.0,100.0,100.0,Technical Specialist
100.0,100.0,100.0,100.0,Technical Specialist
100.0,100.0,100.0,100.0,Technical Specialist
100.0,100.0,100.0,100.0,Technical Specialist
100.0,100.0,100.0,100.0,Technical Specialist
100.0,100.0,100.0,100.0,Technical Specialist
100.0,100.0,100.0,100.0,Technical Specialist
100.0,100.0,100.0,100.0,Technical Specialist
100.0,100.0,100.0,100.0,Technical Specialist
100.0,100.0,100.0,100.0,Technical Specialist
100.0,100.0,100.0,100.0,Technical Specialist
100.0,100.0,100.0,100.0,Technical Specialist
100.0,100.0,100.0,100.0,Technical Specialist
100.0,100.0,100.0,100.0,Technical Specialist
100.0,100.0,100.0,100.0,Technical Specialist
100.0,100.0,100.0,100.0,Technical Specialist
100.0,100.0,100.0,100.0,Technical Specialist
100.0,100.0,100.0,100.0,Technical Specialist
100.0,100.0,100.0,100.0,Technical Specialist
100.0,100.0,100.0,100.0,Technical Specialist
100.0,100.0,100.0,100.0,Technical Specialist
100.0,100.0,100.0,100.0,Technical Specialist
100.0,100.0,100.0,100.0,Technical Specialist
100.0,100.0,100.0,100.0,Technical Specialist
100.0,100.0,100.0,100.0,Technical Specialist
100.0,100.0,100.0,100.0,Technical Specialist
100.0,100.0,100.0,100.0,Technical Specialist
100.0,100.0,100.0,100.0,Technical Specialist
100.0,100.0,100.0,100.0,Technical Specialist
100.0,100.0,100.0,100.0,Technical Specialist
100.0,100.0,100.0,100.0,Technical Specialist
100.0,100.0,100.0,100.0,Technical Specialist
100.0,100.0,100.0,100.0,Technical Specialist
100.0,100.0,100.0,100.0,Technical Specialist
100.0,100.0,100.0,100.0,Technical Specialist
100.0,100.0,100.0,100.0,Technical Specialist
100.0,100.0,100.0,100.0,Technical Specialist
100.0,100.0,100.0,100.0,Technical Specialist
100.0,100.0,100.0,100.0,Technical Specialist
100.0,100.0,100.0,100.0,Technical Specialist
100.0,100.0,100.0,100.0,Technical Specialist
100.0,100.0,100.0,100.0,Technical Specialist
100.0,100.0,100.0,100.0,Technical Specialist
100.0,100.0,100.0,100.0,Technical Specialist
100.0,100.0,100.0,100.0,Technical Specialist
100.0,100.0,100.0,100.0,Technical Specialist
100.0,100.0,100.0,100.0,Technical Specialist
100.0,100.0,100.0,100.0,Technical Specialist
100.0,100.0,100.0,100.0,Technical Specialist
100.0,100.0,100.0,100.0,Technical Specialist
100.0,100.0,100.0,100.0,Technical Specialist
100.0,100.0,100.0,100.0,Technical Specialist
100.0,100.0,100.0,100.0,Technical Specialist
100.0,100.0,100.0,100.0,Technical Specialist
100.0,100.0,100.0,100.0,Technical Specialist
100.0,100.0,100.0,100.0,Technical Specialist
100.0,100.0,100.0,100.0,Technical Specialist
100.0,100.0,100.0,100.0,Technical Specialist
100.0,100.0,100.0,100.0,Technical Specialist
100.0,100.0,100.0,100.0,Technical Specialist
100.0,7.36,21.08,9.0,Business Analyst
100.0,7.36,21.08,9.0,Business Analyst
100.0,7.36,21.08,9.0,Business Analyst
100.0,7.36,21.08,9.0,Business Analyst
100.0,7.36,21.08,9.0,Business Analyst
100.0,7.36,21.08,9.0,Business Analyst
100.0,7.36,21.08,9.0,Business Analyst
100.0,7.36,21.08,9.0,Business Analyst
100.0,7.36,21.08,9.0,Business Analyst
100.0,7.36,21.08,9.0,Business Analyst
100.0,7.36,21.08,9.0,Business Analyst
100.0,7.36,21.08,9.0,Business Analyst
100.0,7.36,21.08,9.0,Business Analyst
100.0,7.36,21.08,9.0,Business Analyst
100.0,7.36,21.08,9.0,Business Analyst
100.0,7.36,21.08,9.0,Business Analyst
100.0,7.36,21.08,9.0,Business Analyst
100.0,7.36,21.08,9.0,Business Analyst
100.0,7.36,21.08,9.0,Business Analyst
100.0,7.36,21.08,9.0,Business Analyst
100.0,7.36,21.08,9.0,Business Analyst
100.0,7.36,21.08,9.0,Business Analyst
100.0,7.36,21.08,9.0,Business Analyst
100.0,7.36,21.08,9.0,Business Analyst
100.0,7.36,21.08,9.0,Business Analyst
100.0,7.36,21.08,9.0,Business Analyst
100.0,7.36,21.08,9.0,Business Analyst
100.0,7.36,21.08,9.0,Business Analyst
100.0,7.36,21.08,9.0,Business Analyst
100.0,7.36,21.08,9.0,Business Analyst
100.0,7.36,21.08,9.0,Business Analyst
100.0,7.36,21.08,9.0,Business Analyst
100.0,7.36,21.08,9.0,Business Analyst
100.0,7.36,21.08,9.0,Business Analyst
100.0,7.36,21.08,9.0,Business Analyst
100.0,7.36,21.08,9.0,Business Analyst
100.0,7.36,21.08,9.0,Business Analyst
100.0,7.36,21.08,9.0,Business Analyst
100.0,7.36,21.08,9.0,Business Analyst
100.0,7.36,21.08,9.0,Business Analyst
100.0,7.36,21.08,9.0,Business Analyst
100.0,7.36,21.08,9.0,Business Analyst
100.0,7.36,21.08,9.0,Business Analyst
100.0,7.36,21.08,9.0,Business Analyst
100.0,7.36,21.08,9.0,Business Analyst
100.0,7.36,21.08,9.0,Business Analyst
100.0,7.36,21.08,9.0,Business Analyst
100.0,7.36,21.08,9.0,Business Analyst
100.0,7.36,21.08,9.0,Business Analyst
100.0,7.36,21.08,9.0,Business Analyst
100.0,7.36,21.08,9.0,Business Analyst
100.0,7.36,21.08,9.0,Business Analyst
100.0,7.36,21.08,9.0,Business Analyst
100.0,7.36,21.08,9.0,Business Analyst
100.0,7.36,21.08,9.0,Business Analyst
100.0,7.36,21.08,9.0,Business Analyst
100.0,7.36,21.08,9.0,Business Analyst
100.0,7.36,21.08,9.0,Business Analyst
100.0,7.36,21.08,9.0,Business Analyst
100.0,7.36,21.08,9.0,Business Analyst
100.0,7.36,21.08,9.0,Business Analyst
100.0,7.36,21.08,9.0,Business Analyst
100.0,7.36,21.08,9.0,Business Analyst
100.0,7.36,21.08,9.0,Business Analyst
100.0,7.36,21.08,9.0,Business Analyst
100.0,7.36,21.08,9.0,Business Analyst
100.0,7.36,21.08,9.0,Business Analyst
100.0,7.36,21.08,9.0,Business Analyst
100.0,7.36,21.08,9.0,Business Analyst
100.0,7.36,21.08,9.0,Business Analyst
100.0,7.36,21.08,9.0,Business Analyst
100.0,7.36,21.08,9.0,Business Analyst
100.0,7.36,21.08,9.0,Business Analyst
100.0,7.36,21.08,9.0,Business Analyst
100.0,7.36,21.08,9.0,Business Analyst
100.0,7.36,21.08,9.0,Business Analyst
100.0,7.36,21.08,9.0,Business Analyst
100.0,7.36,21.08,9.0,Business Analyst
100.0,7.36,21.08,9.0,Business Analyst
100.0,7.36,21.08,9.0,Business Analyst
100.0,7.36,21.08,9.0,Business Analyst
100.0,7.36,21.08,9.0,Business Analyst
100.0,7.36,21.08,9.0,Business Analyst
100.0,7.36,21.08,9.0,Business Analyst
100.0,7.36,21.08,9.0,Business Analyst
100.0,7.36,21.08,9.0,Business Analyst
100.0,7.36,21.08,9.0,Business Analyst
100.0,7.36,21.08,9.0,Business Analyst
100.0,7.36,21.08,9.0,Business Analyst
100.0,7.36,21.08,9.0,Business Analyst
100.0,7.36,21.08,9.0,Business Analyst
100.0,7.36,21.08,9.0,Business Analyst
100.0,7.36,21.08,9.0,Business Analyst
100.0,7.36,21.08,9.0,Business Analyst
100.0,7.36,21.08,9.0,Business Analyst
100.0,7.36,21.08,9.0,Business Analyst
100.0,7.36,21.08,9.0,Business Analyst
100.0,7.36,21.08,9.0,Business Analyst
100.0,7.36,21.08,9.0,Business Analyst
100.0,7.36,21.08,9.0,Business Analyst
100.0,7.36,21.08,9.0,Business Analyst
100.0,7.36,21.08,9.0,Business Analyst
100.0,7.36,21.08,9.0,Business Analyst
100.0,7.36,21.08,9.0,Business Analyst
100.0,7.36,21.08,9.0,Business Analyst
100.0,7.36,21.08,9.0,Business Analyst
100.0,7.36,21.08,9.0,Business Analyst
100.0,7.36,21.08,9.0,Business Analyst
100.0,7.36,21.08,9.0,Business Analyst
100.0,7.36,21.08,9.0,Business Analyst
100.0,7.36,21.08,9.0,Business Analyst
100.0,7.36,21.08,9.0,Business Analyst
100.0,7.36,21.08,9.0,Business Analyst
100.0,7.36,21.08,9.0,Business Analyst
100.0,7.36,21.08,9.0,Business Analyst
100.0,7.36,21.08,9.0,Business Analyst
100.0,7.36,21.08,9.0,Business Analyst
100.0,7.36,21.08,9.0,Business Analyst
100.0,7.36,21.08,9.0,Business Analyst
100.0,7.36,21.08,9.0,Business Analyst
100.0,7.36,21.08,9.0,Business Analyst
100.0,7.36,21.08,9.0,Business Analyst
100.0,7.36,21.08,9.0,Business Analyst
100.0,7.36,21.08,9.0,Business Analyst
100.0,7.36,21.08,9.0,Business Analyst
100.0,7.36,21.08,9.0,Business Analyst
100.0,7.36,21.08,9.0,Business Analyst
100.0,7.36,21.08,9.0,Business Analyst
100.0,7.36,21.08,9.0,Business Analyst
100.0,7.36,21.08,9.0,Business Analyst
100.0,7.36,21.08,9.0,Business Analyst
100.0,7.36,21.08,9.0,Business Analyst
100.0,7.36,21.08,9.0,Business Analyst
100.0,7.36,21.08,9.0,Business Analyst
100.0,7.36,21.08,9.0,Business Analyst
100.0,7.36,21.08,9.0,Business Analyst
100.0,7.36,21.08,9.0,Business Analyst
100.0,7.36,21.08,9.0,Business Analyst
100.0,7.36,21.08,9.0,Business Analyst
100.0,7.36,21.08,9.0,Business Analyst
100.0,7.36,21.08,9.0,Business Analyst
100.0,7.36,21.08,9.0,Business Analyst
100.0,7.36,21.08,9.0,Business Analyst
100.0,7.36,21.08,9.0,Business Analyst
100.0,7.36,21.08,9.0,Business Analyst
100.0,7.36,21.08,9.0,Business Analyst
100.0,7.36,21.08,9.0,Business Analyst
100.0,7.36,21.08,9.0,Business Analyst
100.0,7.36,21.08,9.0,Business Analyst
100.0,7.36,21.08,9.0,Business Analyst
100.0,7.36,21.08,9.0,Business Analyst
100.0,7.36,21.08,9.0,Business Analyst
100.0,7.36,21.08,9.0,Business Analyst
100.0,7.36,21.08,9.0,Business Analyst
100.0,7.36,21.08,9.0,Business Analyst
100.0,7.36,21.08,9.0,Business Analyst
100.0,7.36,21.08,9.0,Business Analyst
100.0,7.36,21.08,9.0,Business Analyst
100.0,7.36,21.08,9.0,Business Analyst
100.0,7.36,21.08,9.0,Business Analyst
100.0,7.36,21.08,9.0,Business Analyst
100.0,7.36,21.08,9.0,Business Analyst
100.0,7.36,21.08,9.0,Business Analyst
100.0,7.36,21.08,9.0,Business Analyst
100.0,7.36,21.08,9.0,Business Analyst
100.0,7.36,21.08,9.0,Business Analyst
100.0,7.36,21.08,9.0,Business Analyst
100.0,7.36,21.08,9.0,Business Analyst
100.0,7.36,21.08,9.0,Business Analyst
100.0,7.36,21.08,9.0,Business Analyst
100.0,7.36,21.08,9.0,Business Analyst
100.0,7.36,21.08,9.0,Business Analyst
100.0,7.36,21.08,9.0,Business Analyst
100.0,7.36,21.08,9.0,Business Analyst
100.0,7.36,21.08,9.0,Business Analyst
100.0,7.36,21.08,9.0,Business Analyst
100.0,7.36,21.08,9.0,Business Analyst
100.0,7.36,21.08,9.0,Business Analyst
100.0,7.36,21.08,9.0,Business Analyst
100.0,7.36,21.08,9.0,Business Analyst
100.0,7.36,21.08,9.0,Business Analyst
100.0,7.36,21.08,9.0,Business Analyst
100.0,7.36,21.08,9.0,Business Analyst
100.0,7.36,21.08,9.0,Business Analyst
100.0,7.36,21.08,9.0,Business Analyst
100.0,7.36,21.08,9.0,Business Analyst
100.0,7.36,21.08,9.0,Business Analyst
100.0,7.36,21.08,9.0,Business Analyst
100.0,7.36,21.08,9.0,Business Analyst
100.0,7.36,21.08,9.0,Business Analyst
100.0,7.36,21.08,9.0,Business Analyst
100.0,7.36,21.08,9.0,Business Analyst
100.0,7.36,21.08,9.0,Business Analyst
100.0,7.36,21.08,9.0,Business Analyst
100.0,7.36,21.08,9.0,Business Analyst
100.0,7.36,21.08,9.0,Business Analyst
100.0,7.36,21.08,9.0,Business Analyst
100.0,7.36,21.08,9.0,Business Analyst
100.0,7.36,21.08,9.0,Business Analyst
100.0,7.36,21.08,9.0,Business Analyst
